Design ID	Version	Canonical ref	Definition SHA-256
SD-CMD-INT-001	1	contracts/camera-observation.md#sd-cmd-int-001--cancelrequested	sha256:e7346f323abb3f7d91d0ab35bdc04c5c078f8d48caae95185d1b1fa102e7b6fd
SD-CMD-INT-002	1	contracts/finite-conversation.md#sd-cmd-int-002--submitinteraction	sha256:bbd5f95d9e812945dc097c77042d84437de8a548fabfac40ab6f50a0fbb2ff37
SD-CMD-QLI-001	1	contracts/finite-conversation.md#sd-cmd-qli-001--returntohomerequested	sha256:b31c81087981ca3096e0b681da738e07bc61d8ac5aebd63aa8f2fe71a3bad809
SD-CTX-ACO-001	1	contracts/acoustic-interaction.md#sd-ctx-aco-001--acoustic-context	sha256:092d2ae52e78122474f9de8970aa7ebbe8958a69025abe2158cb1fb69cdb8f5c
SD-CTX-EXE-001	1	contracts/execution.md#sd-ctx-exe-001--execution-context	sha256:521e3d3c930f09469bfd247de7afd919db019f503994b33f99a79df3671b9652
SD-EFX-ACO-001	1	contracts/acoustic-interaction.md#sd-efx-aco-001--openacousticsourcesession	sha256:1612023670c4c6f4f1077d7fd33428e6d5f4977e8399db27689bb15454baec8b
SD-EFX-ACO-002	1	contracts/acoustic-interaction.md#sd-efx-aco-002--playwakeprompt	sha256:ea290ea40e53270b1780bc46f13db86f1191246417665e0ffbfd5b7721c93ad9
SD-EFX-ACO-003	1	contracts/acoustic-interaction.md#sd-efx-aco-003--awaitacousticguardboundary	sha256:ee6a961034161aee868573ec6ce63987c4a575df6a2033084fbf7a97df79ee5a
SD-EFX-ACO-004	1	contracts/acoustic-interaction.md#sd-efx-aco-004--transcriberetainedacousticspans	sha256:eb5faef8f4e8f383e8e7d38c090acb269296e5a6b47653bc643da8b096123331
SD-EFX-ACO-005	1	contracts/acoustic-interaction.md#sd-efx-aco-005--closeacousticsourcesession	sha256:6a3955680bf6f3d336b256b6005c2523ca9154cc15a84a18d6c2d60abbb961c4
SD-EFX-ACO-006	1	contracts/acoustic-interaction.md#sd-efx-aco-006--queryacousticsourceoperation	sha256:bcb8d39546c72d01f830b8cab85e446be030217b20649d7331be0b1b81dab02c
SD-EFX-ACO-007	1	contracts/acoustic-interaction.md#sd-efx-aco-007--awaitacousticoperationdeadline	sha256:b679487ad99b644e13ab874a5b3e0d3a456c388721a0456284291cfa21580bc8
SD-EFX-ACO-008	1	contracts/acoustic-interaction.md#sd-efx-aco-008--querywakepromptoperation	sha256:46bcb39a6d48f455946322f87a387c5efdcf372a75ec2c1c27332868740c4a1c
SD-EFX-ACO-009	1	contracts/acoustic-interaction.md#sd-efx-aco-009--cancelwakepromptplayback	sha256:c7867c88d16e8ca1af67925bd60ca920e5b36a18655105d16ffaf06302cc33bf
SD-EFX-ACO-010	1	contracts/acoustic-interaction.md#sd-efx-aco-010--cancelacousticsourceoperation	sha256:788ea7c007f004435241a87caeb28842fff3da337afab43fad507902cc7fc64d
SD-EVT-ACO-001	1	contracts/acoustic-interaction.md#sd-evt-aco-001--wakecandidateobserved	sha256:369674a68542ed0220f570b43db2caef0784a99e691f2bd5367b02172dc6354d
SD-EVT-ACO-002	1	contracts/acoustic-interaction.md#sd-evt-aco-002--acousticsourceobserved	sha256:4ab142994ccbd4d032f8c819822deaf1942f3152b74b4cd4b654af5ed9a988fa
SD-EVT-ACO-003	1	contracts/acoustic-interaction.md#sd-evt-aco-003--acousticsourceoperationresolved	sha256:cf7270ba618d0a04b991a5881844aeb895a3d699fb70d8753a216be3bed27408
SD-EVT-ACO-004	1	contracts/acoustic-interaction.md#sd-evt-aco-004--wakepromptplaybackresolved	sha256:48eff95e1e52bce7fc8ed788c3b0508e7d6534ab08df98b91f2a5e8f832fecc4
SD-EVT-ACO-005	1	contracts/acoustic-interaction.md#sd-evt-aco-005--acousticguardboundaryelapsed	sha256:ac966bec67de4400a18c8f76f6e60eebdad30f4ad5a304741f543965d4603205
SD-EVT-ACO-006	1	contracts/acoustic-interaction.md#sd-evt-aco-006--voicecontrolcandidateobserved	sha256:6fbc025e996c6785110c2fba33179cd20ca12634ad9949532af17aecfbb723cd
SD-EVT-ACO-007	1	contracts/acoustic-interaction.md#sd-evt-aco-007--acousticdecisionrecorded	sha256:8cf5c2c4db17fa2374cb32b6824fa16e5adc71e02472fe6dbf94275e5339a35c
SD-EVT-ACO-008	1	contracts/acoustic-interaction.md#sd-evt-aco-008--acousticpolicyrevisionregistered	sha256:08b95881d1aa249f56ba8ad16a973bc70f2599e2de4e047e1cf4061c2009171c
SD-EVT-ACO-009	1	contracts/acoustic-interaction.md#sd-evt-aco-009--acousticoperationdeadlineelapsed	sha256:b053e479a72d8f61899644447672236d06d1d0632c9a86211ece35ded6d86bfb
SD-EVT-ACO-010	1	contracts/acoustic-interaction.md#sd-evt-aco-010--acousticsourcequeryresolved	sha256:38792d25e3b314e5522fa9c28308d95ff5a70e42ecca01e063054faa7524367d
SD-EVT-ACO-011	1	contracts/acoustic-interaction.md#sd-evt-aco-011--wakepromptqueryresolved	sha256:72f73bf9312f7cb065299ccbac3be011fe880f479d1a28db267e9f89550f0c43
SD-EVT-ACO-012	1	contracts/acoustic-interaction.md#sd-evt-aco-012--acousticsourcecancellationresolved	sha256:c2bc18b91db8907a58dffa994862081576652afc0d5bb47d9ab5b8339fecc41f
SD-EVT-ACO-013	1	contracts/acoustic-interaction.md#sd-evt-aco-013--wakepromptcancellationresolved	sha256:3b25ada30299ba15de733d9ed48705b40fe64b9ec40afb04be69c943f7396807
SD-EVT-ACO-014	1	contracts/acoustic-interaction.md#sd-evt-aco-014--voicecontrolprocessed	sha256:df2421b1a5d026f7446adf01c1ae939cb8b6fd31dbf8e668989977b37c6e3885
SD-EVT-EXE-009	1	contracts/execution-acoustic-v2.md#sd-evt-exe-009--acousticgraphcontributioncommitted	sha256:ec7e90dd0f992771ab3e384ad568918e4c53e25d035850babc45dd6163bd9f81
SD-EVT-EXE-010	1	contracts/execution-acoustic-v2.md#sd-evt-exe-010--executionsnapshotv2activated	sha256:cbb89645c96bb7554e8b20297e49945afa76e091f7cb650e6dd4a60468f523b2
SD-FAIL-ACO-001	1	contracts/acoustic-interaction.md#sd-fail-aco-001--acousticfailure	sha256:4fdd94c4ff6342387fdea3aa02ea610593911733f541879b41a80595e51041bc
SD-FAIL-EXE-001	1	contracts/execution-acoustic-v2.md#sd-fail-exe-001--executionv2compatibilityfailure	sha256:f89a6b5b3d0fadfbfd4c9480c957d377f1c6683e41ba046c3dc44aee8cb1db1e
SD-GPH-ACO-001	1	contracts/acoustic-interaction.md#sd-gph-aco-001--onewakeonecommandgraph	sha256:e3c04109cd3685348b4fcb6b5cab465c9ab0a674a5a65dda3639ae5642783a41
SD-GPH-ACO-002	1	contracts/acoustic-interaction.md#sd-gph-aco-002--acousticsourcerecoverygraph	sha256:ede95444f2b3d4d1e0c0cc72108d39d8d770e9e8215e17cb4b70d1681f5e7f72
SD-MOD-ACO-001	1	contracts/acoustic-interaction.md#sd-mod-aco-001--speechacousticbindingview	sha256:09a893e8960f900722284664c38acb6b23d25fabf2e9e35c132f4952333a9a0d
SD-MOD-ACO-002	1	contracts/acoustic-interaction.md#sd-mod-aco-002--acousticgraphcontributionv2	sha256:4b837731e71e3411a53a3269524fcd9959cc4b4f33aaeb2a372a87b31366381f
SD-MOD-ACO-003	1	contracts/acoustic-interaction.md#sd-mod-aco-003--acoustictemporalevidence	sha256:007ed69e2a8b725e1e4e9aa30fe8062e50786daf7fceefda210d3e3c49a8c429
SD-MOD-EXE-004	1	contracts/execution-acoustic-v2.md#sd-mod-exe-004--executioncontractv2	sha256:14060017be57403216296288cb08629333213df4ef76817840735de524a39c30
SD-MOD-EXE-005	1	contracts/execution-acoustic-v2.md#sd-mod-exe-005--executionsnapshotv1tov2migration	sha256:b8eca07f6974e5f956ba2db0f8644f348c20afd404e2f25da3ab6f3bb5763376
SD-PER-ACO-001	1	contracts/acoustic-interaction.md#sd-per-aco-001--durableacousticboundary	sha256:d1a592207a3cf178056096a7e3bc496616e9544abc5f55a41f973ecaba369701
SD-PER-ACO-002	1	contracts/acoustic-interaction.md#sd-per-aco-002--durablevoicecontroldecisionuow	sha256:00859d2ffe9bebbd10e04ea2342295ac1ef2055988b2da8bdd9b1b0fcc6f7c45
SD-PER-EXE-008	1	contracts/execution-acoustic-v2.md#sd-per-exe-008--durableacousticgraphextensionuow	sha256:ae0092b165f5facf2a0686fc4a035dcfc5f64953dd30d7baf1b8f7a4174c4d95
SD-PER-EXE-009	1	contracts/execution-acoustic-v2.md#sd-per-exe-009--executionsnapshotv2activationuow	sha256:0937002dfab9350ae44c5f8d6ae28b934cb3f1e8d02b8fdb06fbad8deeea9222
SD-POL-ACO-001	1	contracts/acoustic-interaction.md#sd-pol-aco-001--acousticsessionpolicy	sha256:920678c6387131443f3f9be9c0162899fd8f0ef51df4991e5774c9729cd58633
SD-POL-ACO-002	1	contracts/acoustic-interaction.md#sd-pol-aco-002--stopsuppressionpolicy	sha256:5950c2a4d5183098a9431caa5104d571a1705a7ccc9497cf3c28a79a26093a41
SD-POL-ACO-003	1	contracts/acoustic-interaction.md#sd-pol-aco-003--acoustictemporalambiguitypolicy	sha256:0bc4f2a5965cd8074bb467ad80778c4b85c256dd637d5b0cac2665048c9c6509
SD-PRF-ACO-001	1	contracts/acoustic-interaction.md#sd-prf-aco-001--acousticprofileproofcontract	sha256:1414ba6017b3b5193a4b4b7a646cecdab0d35670f8f43d93dc481bd64ee2002a
SD-PRF-EXE-001	1	contracts/execution-acoustic-v2.md#sd-prf-exe-001--executionv1v2roundtripproofcontract	sha256:cf9413db8e06cd8b653e67184d717035f90d4635c2c4bd949f86291bfc99e4a8
SD-PRJ-ACO-001	1	contracts/acoustic-interaction.md#sd-prj-aco-001--acousticsessionprojection	sha256:a40acbd138bdf00da303ead86a0b9497d9b8e919335d5361a48349fa4c36c53b
SD-PRJ-EXE-001	1	contracts/execution-acoustic-v2.md#sd-prj-exe-001--executionv1compatibilityview	sha256:25fd8ea5c4d6b72fd4cd2d48c2ecf97285870c349165ef5aa9cbf601c6d8cc7e
SD-PRT-ACO-001	1	contracts/acoustic-interaction.md#sd-prt-aco-001--acousticcandidateingressport	sha256:4ce1e51fc87c19f77b5115e572f7526add5413c3a935a0b652873e8f116b9121
SD-PRT-ACO-002	1	contracts/acoustic-interaction.md#sd-prt-aco-002--acousticsourceport	sha256:4ed08b8e757105cd765f61b57e3a76fa43e101bcde752d22f8c3e3d0e5c3705d
SD-PRT-ACO-003	1	contracts/acoustic-interaction.md#sd-prt-aco-003--wakepromptport	sha256:ecb41e2b890ef384fea882cdf7c8588f4dd5738de0e43f8bbacc67dd9caa0c6c
SD-PRT-ACO-004	1	contracts/acoustic-interaction.md#sd-prt-aco-004--acousticboundaryport	sha256:cda75585e39bdf5004013094df7439696d99d3a5a490a78f5cbe5de0dbb643f2
SD-REC-ACO-001	1	contracts/acoustic-interaction.md#sd-rec-aco-001--acousticrecovery	sha256:2ac02ff8ca7a3bbd3a8932c2c9df85e6af1e8735be4743d19ef6d74a035bc977
SD-RUL-ACO-001	1	contracts/acoustic-interaction.md#sd-rul-aco-001--decidewakeacceptance	sha256:682046635ef4de6d42cb3bac0eca0ffb23701579e21349a1ddd6f79f3a69ec86
SD-RUL-ACO-002	1	contracts/acoustic-interaction.md#sd-rul-aco-002--decideacousticspandisposition	sha256:04499bce6d38e952d4ec4fea9149a94c961d496971a15f1fb267808dc91084cd
SD-RUL-ACO-003	1	contracts/acoustic-interaction.md#sd-rul-aco-003--decideonewakecommand	sha256:83368dbb91308a289d95cb97a9ab85d59758d154cb734fa5608e50932fd9dfc1
SD-RUL-ACO-004	1	contracts/acoustic-interaction.md#sd-rul-aco-004--decidevoicecontrolcandidate	sha256:393294bf32bc53dd6a0936a5a68878dc28964a0a2f3d39949a8f239fe737af2b
SD-RUL-ACO-005	1	contracts/acoustic-interaction.md#sd-rul-aco-005--validatespeechacousticbinding	sha256:314985b1451336ed826228d068c7ebfba0a96b1971eb331fb817c452cb90c752
SD-RUL-ACO-006	1	contracts/acoustic-interaction.md#sd-rul-aco-006--decideacousticrecovery	sha256:95254441302fc08e923b7bc651d012c87eaeef84d080b9f55c36d10b0d73636c
SD-RUL-ACO-007	1	contracts/acoustic-interaction.md#sd-rul-aco-007--validateacousticpolicyrevision	sha256:51086d764e1c3351cb28c9c16dfcc2b041bfb981c3308e16da57f884b7d0cca2
SD-RUL-ACO-008	1	contracts/acoustic-interaction.md#sd-rul-aco-008--decideprerollselection	sha256:88894fd2b07a709f7dc29398790cbf6955ee4f5ee4fee42905a6831d8444eac5
SD-RUL-ACO-009	1	contracts/acoustic-interaction.md#sd-rul-aco-009--buildacousticgraphcontribution	sha256:f6773a954ad4c87fb85d7ff1ba3e1dadb39d4ebd3c63cf125f22863a71b1c17c
SD-RUL-ACO-010	1	contracts/acoustic-interaction.md#sd-rul-aco-010--decideacousticoccurrencewinner	sha256:756a8520f1f67fb6444b0c75257c2dfa5b605a8ea6bf9b817979c4e34b4e46ac
SD-RUL-ACO-011	1	contracts/acoustic-interaction.md#sd-rul-aco-011--decidepostwakecollection	sha256:8a8c4fbcb4b806dafec3de7cf5f1f37b8a7a59e680b8c4aafceb994615ea8f3a
SD-RUL-ACO-012	1	contracts/acoustic-interaction.md#sd-rul-aco-012--classifywakepromptoutcome	sha256:dbae120656dd4283a42392623de791e0b9386babd403bac9654181ad09eaee66
SD-RUL-EXE-007	1	contracts/execution-acoustic-v2.md#sd-rul-exe-007--validateacousticgraphcontribution	sha256:1210ff86c99d0857d9157990501cce25228439c400199b16b8121a014f94bb76
SD-RUL-EXE-008	1	contracts/execution-acoustic-v2.md#sd-rul-exe-008--validateexecutionsnapshotv1tov2migration	sha256:c7b57492efb5a4b1f3713e560607f336fe41866bd7816e34d56a04eaa9d51832
SD-STA-ACO-001	1	contracts/acoustic-interaction.md#sd-sta-aco-001--acousticstate	sha256:7ba0003680e26906c1f069df7f8329c406d54d5fe4d4aeb787852d08b1ccacee
SD-STA-EXE-002	2	contracts/execution-acoustic-v2.md#sd-sta-exe-002--executionstatev2	sha256:8f67a1d97475372e3ae4fc1d704fb30f609ceb7329ed09e355165e0c1d2d6100
SD-TRN-ACO-001	1	contracts/acoustic-interaction.md#sd-trn-aco-001--applywakeacceptance	sha256:3585b179d7cd6d22a76b0804320a263521454829c17dcdb12d96174bf97474ce
SD-TRN-ACO-002	1	contracts/acoustic-interaction.md#sd-trn-aco-002--applysourceandguardobservation	sha256:34d1968f463b176a0fb3a8a0e709a24c647ca86ad7f4c821c08ab8fb8b57eee8
SD-TRN-ACO-003	1	contracts/acoustic-interaction.md#sd-trn-aco-003--applyonewakecommanddecision	sha256:abb24c027a4fbc24778c884873ec3f9104cc5a104bd34ce09cf4d7c33322991c
SD-TRN-ACO-004	1	contracts/acoustic-interaction.md#sd-trn-aco-004--applyvoicecontroldecision	sha256:b43825648e7996d7ce7d31dc62cc73397994f9ec9eb145c11a3b6a90585809b5
SD-TRN-ACO-005	1	contracts/acoustic-interaction.md#sd-trn-aco-005--applysourcerecoverydecision	sha256:ad0ef25e23147356353a9f830ba28a06e995465746ab46c40dbff6d42e40a6d4
SD-TRN-ACO-006	1	contracts/acoustic-interaction.md#sd-trn-aco-006--applyacousticpolicyrevision	sha256:5ab02d84be5c883b50cafb75d067c1407a954f3c55fc5beb28576d0cd4612299
SD-TRN-ACO-007	1	contracts/acoustic-interaction.md#sd-trn-aco-007--applyprerollselection	sha256:45e4d7c84a26aef79905761c15a665b35cc2db1040c80f766a8f2ace1b90012a
SD-TRN-ACO-008	1	contracts/acoustic-interaction.md#sd-trn-aco-008--applyacousticoccurrencewinner	sha256:8619f37e52d27a15748617682ef3c152c05bfb067e60d9733f59105f3c360ca9
SD-TRN-EXE-016	1	contracts/execution-acoustic-v2.md#sd-trn-exe-016--extendacousticeffectgraph	sha256:bd10ffcb37c30193e620547194570a725baee785c35ca654cae665221c7d4a23
SD-TRN-EXE-017	1	contracts/execution-acoustic-v2.md#sd-trn-exe-017--migrateexecutionsnapshotv1tov2	sha256:bfda8b67ed249ecf614380b15e73f16967bf4ac4ada70c2818017d5566a43d8e
