Obligation ID	Parent AC	Package ID	Tranche ID	Canonical storage ref	Obligation meaning SHA-256	Joint group	Parent contribution	Design IDs	Proof type	Negative case	Target scope	Accounting	Design	Proof	Blocker
DO-AGT-001	AC-AGT-001	WP-06	TR-PILOT-ABC	docs/system-design/slices/02-finite-conversation.md::DO-AGT-001	sha256:5db49c6f222e793574be5787a6166e026a3898455472c6532ca293d4580ac715	JG-CNV-ADAPTER	full	SD-PRT-AGT-001, SD-MOD-CNV-001	contract/spike	turnごとprocess起動、initialize重複	初期Agent	accounted-for	designed	blocked-by-spike	proof-status:blocked-by-spike
DO-AGT-002	AC-AGT-002	WP-06	TR-PILOT-ABC	docs/system-design/slices/02-finite-conversation.md::DO-AGT-002	sha256:35d82241172c8454cdabb1420e2160a7ede33fe1bae201b8313b9f8bb7ca6488	JG-CNV-CONTINUITY	full	SD-STA-AGT-001, SD-EFX-AGT-001	integration	HomeでThread終了	共通	accounted-for	designed	planned	—
DO-AGT-003A	AC-AGT-003	WP-06	TR-PILOT-ABC	docs/system-design/slices/02-finite-conversation.md::DO-AGT-003A	sha256:8a6b9d30a8e147c4c77a4c7980bc5f9ef49e54cb951a04a6bac80462de1df11c	JG-CNV-RECOVERY	full	SD-STA-AGT-001, SD-PER-CNV-001	crash-recovery	crash-before-IDを別turnへbind	共通	accounted-for	designed	planned	—
DO-AGT-003B	AC-AGT-003	WP-06	TR-PILOT-ABC	docs/system-design/slices/02-finite-conversation.md::DO-AGT-003B	sha256:b5d7492e07190c14ede3c29f092bebba82796dc50aac6be2996d4b376d48d415	JG-CNV-RECOVERY	full	SD-REC-AGT-001, SD-REC-AGT-002	crash-recovery	--last、暗黙new Thread	共通	accounted-for	designed	planned	—
DO-AGT-004A	AC-AGT-004	WP-06	TR-PILOT-ABC	docs/system-design/slices/02-finite-conversation.md::DO-AGT-004A	sha256:7b8d1a0a0c55dfbd93dcfe2b49595d114e94a69913e5ccfcc8431836e72c08c0	JG-CNV-CANCEL	full	SD-RUL-AGT-003, SD-EFX-AGT-003, SD-EVT-AGT-003	pure/contract	stale cancel dispatch	共通	accounted-for	designed	planned	—
DO-AGT-004B	AC-AGT-004	WP-06	TR-PILOT-ABC	docs/system-design/slices/02-finite-conversation.md::DO-AGT-004B	sha256:e1b0e06400ba945095c7789a6b795860e1113bba54d51ec8e5ac491d78d955b7	JG-CNV-REDACTION	full	SD-EVT-AGT-001, SD-PRJ-AGT-001	contract	raw delta/Thread ID漏洩	共通	accounted-for	designed	planned	—
DO-AGT-005	AC-AGT-005	WP-06	TR-PILOT-ABC	docs/system-design/slices/02-finite-conversation.md::DO-AGT-005	sha256:b8fef13f368d1df66e2a27b7ecd46c7df825d9e00aba86a2cc97047c49e50c77	JG-CNV-OWNER	full	SD-CTX-AGT-001, SD-PRT-AGT-001	architecture/measurement	別Contextがbinding所有	共通	accounted-for	designed	planned	—
DO-AGT-006	AC-AGT-006	WP-06	TR-PILOT-ABC	docs/system-design/slices/02-finite-conversation.md::DO-AGT-006	sha256:f69d1a4eac16e9497294740072436add656cacec0bf3d157b7f6e833554b3079	JG-CNV-ISOLATION	full	SD-RUL-AGT-006, SD-TRN-AGT-006, SD-TRN-EXE-008, SD-REC-AGT-001	concurrency	timeoutと成功の二重採用、turn A late結果がBを変更	共通	accounted-for	designed	planned	—
DO-AGT-007A	AC-AGT-007	WP-06	TR-PILOT-ABC	docs/system-design/slices/02-finite-conversation.md::DO-AGT-007A	sha256:3c32acfc1773729751303f65cb29621d2ac9008b36d9a75140ca796ae5e2f8ba	JG-CNV-RESET	full	SD-RUL-AGT-004, SD-TRN-AGT-002, SD-REC-AGT-002	crash-recovery	reset crash、Memory暗黙削除	共通	accounted-for	designed	planned	—
DO-AGT-007B	AC-AGT-007	WP-06	TR-PILOT-ABC	docs/system-design/slices/02-finite-conversation.md::DO-AGT-007B	sha256:ec01eddceb3c49fd09efdb3350c93e02d8a1eba3a176d8bae33f9674ccbbafb6	JG-CNV-COMPACTION	full	SD-CMD-AGT-002, SD-EVT-AGT-005, SD-TRN-AGT-004, SD-TRN-AGT-005, SD-PRJ-AGT-001	integration	compaction後Full主張、route gap隠蔽	共通	accounted-for	designed	planned	—
DO-AGT-008	AC-AGT-008	WP-06	TR-PILOT-ABC	docs/system-design/slices/02-finite-conversation.md::DO-AGT-008	sha256:e7bd1f01cb781bf8e1b5d62755a22ed746010c184cab5fd2db59f5609a34643a	JG-CNV-CONTINUITY	full	SD-RUL-AGT-001, SD-EFX-AGT-001, SD-EFX-AGT-002	integration	route gap turnをThread履歴化	共通	accounted-for	designed	planned	—
DO-AGT-009	AC-AGT-009	WP-06	TR-PILOT-ABC	docs/system-design/slices/02-finite-conversation.md::DO-AGT-009	sha256:44bdd25bf693251217f99b771f0e3e59a66fba29d8dc4273727ce50d256edfce	JG-CNV-CONTINUITY	full	SD-EFX-AGT-002, SD-EFX-AGT-003, SD-PRT-AGT-002	contract/integration	Thread absence欠落、停止捏造	共通	accounted-for	designed	planned	—
DO-ARC-019B	AC-ARC-019	WP-01	TR-PILOT-ABC	docs/system-design/slices/02-finite-conversation.md::DO-ARC-019B	sha256:c20b9576d11d4db60ab25cfbf837817544af627d61eb945344dd13c8f2447cb0	JG-CNV-PROPOSAL	partial	SD-EVT-AGT-002, SD-RUL-AGT-002, SD-RUL-CNV-003, SD-EFX-TOL-001, SD-PRT-AGT-001, SD-PRT-TOL-001	pure/integration	Agent tool要求をAdapterが直接実行	Agent Proposal部分	accounted-for	designed	planned	—
DO-ARC-020B	AC-ARC-020	WP-01	TR-PILOT-ABC	docs/system-design/slices/02-finite-conversation.md::DO-ARC-020B	sha256:60d0babaace90d6a5cb75e69d78037f781fa2953ee88b56e6e281dc706ba7f67	JG-CNV-PROPOSAL	partial	SD-EVT-AGT-002, SD-RUL-AGT-002	pure	Observation、許可Graph、未承認Proposalの混同	Agent Proposal部分	accounted-for	designed	planned	—
DO-ARC-021	AC-ARC-021	WP-01	TR-PILOT-ABC	docs/system-design/slices/02-finite-conversation.md::DO-ARC-021	sha256:5583e78f3d123ba7143ba79cb470340cf0cc49318037755b702620c732f66ffb	JG-CNV-OWNER	partial	SD-CTX-QLI-001, SD-CTX-CNV-001, SD-CTX-MEM-001, SD-CTX-AGT-001	architecture	Qualiaが本文所有	Pilot B owner	accounted-for	designed	planned	—
DO-ARC-022	AC-ARC-022	WP-01	TR-PILOT-ABC	docs/system-design/slices/02-finite-conversation.md::DO-ARC-022	sha256:e6fd1a9f0a127c29cf6efba9d4d9ce928410b045e7b86f709e2c403db13e449a	JG-CNV-QUALIA	full	SD-TRN-QLI-001, SD-REC-CNV-001	pure	非Home二session、無checkpoint resume	共通	accounted-for	designed	planned	—
DO-ARC-023	AC-ARC-023	WP-01	TR-PILOT-ABC	docs/system-design/slices/02-finite-conversation.md::DO-ARC-023	sha256:650f770b8e4088f60961313e9c34e7b77e2d34604355384cbb76533db81f700b	JG-CNV-OWNER	full	SD-STA-QLI-001	architecture	opaque refからreducer到達	共通	accounted-for	designed	planned	—
DO-CAM-001	AC-PRD-005	WP-02	TR-PILOT-ABC	docs/system-design/slices/01-camera-observation.md::DO-CAM-001	sha256:1bb60e0a6acc1576058f6d6a9ed12a8df6f1ddaec9384edc0697b7eecb2cb8e1	JG-CAM-E2E	full	SD-EFX-PHY-001, SD-EVT-EXE-001, SD-EVT-PHY-001, SD-EVT-PHY-002, SD-STA-PHY-001	real-device	start欠落、OutcomeUnknown	TC70必須/C210独立	accounted-for	designed	blocked-by-spike	proof-status:blocked-by-spike
DO-CAM-002	AC-PRD-006	WP-02	TR-PILOT-ABC	docs/system-design/slices/01-camera-observation.md::DO-CAM-002	sha256:4c412b2ec3c43a1d2656ddad624f592d924636c6144409e49424d99f3164eb32	JG-CAM-E2E	full	SD-EFX-CAP-001, SD-EVT-ART-002, SD-EVT-ART-003, SD-RUL-ART-001, SD-EFX-INF-001	integration/real-device	capture Failure、無効Artifact	TC70必須/C210独立	accounted-for	designed	blocked-by-spike	proof-status:blocked-by-spike
DO-CAM-003	AC-PRD-007	WP-02	TR-PILOT-ABC	docs/system-design/slices/01-camera-observation.md::DO-CAM-003	sha256:fb6addcbdcc72a4738fdc2730196e41a9dc62af406e6f005ae04d9a3197b2279	JG-CAM-E2E	full	SD-GPH-CAM-001, SD-POL-PHY-001	integration/real-device	DefinitelyNotApplied、OutcomeUnknown、Policy deny	TC70必須	accounted-for	designed	blocked-by-spike	proof-status:blocked-by-spike
DO-CAM-004	AC-PRD-019	WP-02	TR-PILOT-ABC	docs/system-design/slices/01-camera-observation.md::DO-CAM-004	sha256:985a7a1887d5d7b90fd19d8061d2c9650605cc69228f8b125aa0553743308ce2	JG-CAM-E2E	partial	SD-PRF-PHY-001, SD-PRT-PHY-001, SD-POL-DEX-001	architecture/real-device	C210非ready、Core製品分岐	機種別	accounted-for	designed	blocked-by-spike	proof-status:blocked-by-spike
DO-CAM-005	AC-EFX-001	WP-01	TR-PILOT-ABC	docs/system-design/slices/01-camera-observation.md::DO-CAM-005	sha256:b5d7a1e4db5c138104ea02baf7860c638316167a87639acdcdb2081130c692ed	JG-CAM-GRAPH	full	SD-STA-EXE-001, SD-GPH-CAM-001	pure	同じ右移動二件	共通	accounted-for	designed	planned	—
DO-CAM-006	AC-EFX-002	WP-01	TR-PILOT-ABC	docs/system-design/slices/01-camera-observation.md::DO-CAM-006	sha256:e0ab4c9c7502f9ddd40a82be284bbb262ad14c84fd95a913379cd3c247cd0bcf	JG-CAM-GRAPH	full	SD-RUL-EXE-001, SD-GPH-CAM-001	pure	node生成順を逆転	共通	accounted-for	designed	planned	—
DO-CAM-007	AC-EFX-003	WP-01	TR-PILOT-ABC	docs/system-design/slices/01-camera-observation.md::DO-CAM-007	sha256:1dfa118a94d07e40826bee4c60621d7009e998d931ef2d8c3fbada95c51eab64	JG-CAM-TIME	full	SD-EVT-EXE-001, SD-EFX-TIM-001, SD-RUL-PHY-001	pure/contract	queue時間、Started欠落	共通	accounted-for	designed	planned	—
DO-CAM-008	AC-EFX-004	WP-01	TR-PILOT-ABC	docs/system-design/slices/01-camera-observation.md::DO-CAM-008	sha256:d07a4137b3db38738937e90d2e646af14fc9dae025144302cba72e25859c6edb	JG-CAM-RECOVERY	partial	SD-STA-EXE-001, SD-TRN-EXE-002, SD-REC-PHY-001	crash-recovery	Effect再開とrestart同時発生。API request重送はPilot外	共通	accounted-for	designed	planned	—
DO-CAM-009	AC-EFX-005	WP-01	TR-PILOT-ABC	docs/system-design/slices/01-camera-observation.md::DO-CAM-009	sha256:a7581e2d1d2a5c7b888ee372d8796d78b95b15deafe6cc127206ba5bcd67be83	JG-CAM-GRAPH	full	SD-GPH-CAM-001	pure	Effect重複排除	共通	accounted-for	designed	planned	—
DO-CAM-010	AC-PHY-001	WP-03	TR-PILOT-ABC	docs/system-design/slices/01-camera-observation.md::DO-CAM-010	sha256:0f8bbde958776d6169f9739fc7734075a26aaafe33c674ca6294735d7ed38efe	JG-CAM-PHYSICAL	full	SD-STA-PHY-001, SD-EVT-PHY-001, SD-EVT-PHY-002	pure/contract	Assumed→Observed自動昇格	共通	accounted-for	designed	planned	—
DO-CAM-011	AC-PHY-002	WP-03	TR-PILOT-ABC	docs/system-design/slices/01-camera-observation.md::DO-CAM-011	sha256:3db3575a29ac230ed7249d41b14e451a5e379780e338f8d0a126788fb289300d	JG-CAM-RECOVERY	full	SD-POL-REC-001, SD-REC-PHY-001	crash-recovery	restart後OutcomeUnknown再送	共通	accounted-for	designed	planned	—
DO-CAM-012	AC-PHY-003	WP-03	TR-PILOT-ABC	docs/system-design/slices/01-camera-observation.md::DO-CAM-012	sha256:222a7efa82752e601440d41860562ea45a37debfb77ce72e31216eee5158e938	JG-CAM-TIME	full	SD-EFX-TIM-001, SD-PRT-TIM-001, SD-RUL-PHY-001	pure/contract	duration前ready	共通	accounted-for	designed	planned	—
DO-CAM-013	AC-PHY-004	WP-03	TR-PILOT-ABC	docs/system-design/slices/01-camera-observation.md::DO-CAM-013	sha256:3ef583190ec6dbf338952fedb8d67f59cd22c511470b148bce9bc338499f74ed	JG-CAM-TIME	full	SD-EVT-PHY-002, SD-STA-PHY-001	pure	elapsedからObserved生成	共通	accounted-for	designed	planned	—
DO-CAM-014	AC-PHY-005	WP-03	TR-PILOT-ABC	docs/system-design/slices/01-camera-observation.md::DO-CAM-014	sha256:8592f3f16d9a4a42d756f110d1f3754e0c46d27bf75526c98b00fb0e7f173614	JG-CAM-TIME	full	SD-EVT-EXE-001, SD-EFX-TIM-001	pure	queue滞留をdurationへ算入	共通	accounted-for	designed	planned	—
DO-CAM-015	AC-PHY-006	WP-03	TR-PILOT-ABC	docs/system-design/slices/01-camera-observation.md::DO-CAM-015	sha256:48edaf8b1a453596e4c009b0104da973b9016904aeb3582876867a7bcc51194d	JG-CAM-TIME	full	SD-EVT-EXE-001, SD-RUL-PHY-001	pure	StartedなしAssumed	共通	accounted-for	designed	planned	—
DO-CAM-016	AC-PHY-007	WP-03	TR-PILOT-ABC	docs/system-design/slices/01-camera-observation.md::DO-CAM-016	sha256:200832b6afb546a122ca6f7e13eff36ca947f8c83ada640819b3797d2775b273	JG-CAM-PHYSICAL	full	SD-CMD-CAM-001, SD-STA-PHY-001	architecture/pure	absolute pose注入	共通	accounted-for	designed	planned	—
DO-CAM-017	AC-PHY-009	WP-03	TR-PILOT-ABC	docs/system-design/slices/01-camera-observation.md::DO-CAM-017	sha256:2da45dcb59c34a2833b7b1111752f1374ce3b3b25f3ad0fbfaa134bb46fc8530	JG-CAM-PHYSICAL	full	SD-POL-PHY-001, SD-RUL-EXE-001	pure	Policy欠落	共通	accounted-for	designed	planned	—
DO-CAM-018	AC-PER-001	WP-01	TR-PILOT-ABC	docs/system-design/slices/01-camera-observation.md::DO-CAM-018	sha256:4b8d598507217c6ace6aea1b9ad14b2e4ef5845ae50ab00c767b5e8936885ef7	JG-CAM-GRAPH	full	SD-RUL-EXE-001, SD-GPH-CAM-001	pure	dependency不足	共通	accounted-for	designed	planned	—
DO-CAM-019	AC-PER-002	WP-01	TR-PILOT-ABC	docs/system-design/slices/01-camera-observation.md::DO-CAM-019	sha256:067fd393a5e01b5dc0539137db1445f178206fd460b107c20ae27cfdff6a897b	JG-CAM-GRAPH	full	SD-STA-EXE-001, SD-RUL-EXE-002, SD-TRN-EXE-002, SD-MOD-EXE-001	concurrency	二dispatcher競合	共通	accounted-for	designed	planned	—
DO-CAM-020	AC-ARC-001	WP-01	TR-PILOT-ABC	docs/system-design/slices/01-camera-observation.md::DO-CAM-020	sha256:919d5d27e81301759353314dfb195555bd3f9495150e9f9ba331b598ba5696ef	JG-CAM-ARCH	partial	SD-RUL-CAM-001, SD-RUL-EXE-001, SD-RUL-PHY-001, SD-RUL-DAT-001, SD-RUL-ART-001, SD-RUL-ART-002, SD-RUL-REC-001, SD-RUL-DEX-001	pure	Rule内Port call	共通	accounted-for	designed	planned	—
DO-CAM-021	AC-ARC-003	WP-01	TR-PILOT-ABC	docs/system-design/slices/01-camera-observation.md::DO-CAM-021	sha256:618258ca4105b02a10e2b7ac750da928e9f5379ae2d192e03bf0b4c4d1945409	JG-CAM-OWNER	partial	SD-CTX-EXE-001, SD-CTX-PHY-001, SD-CTX-ART-001, SD-CTX-DAT-001, SD-CTX-PAP-001, SD-CTX-DEX-001	architecture	owner重複/未登録	共通	accounted-for	designed	planned	—
DO-CAM-022	AC-ARC-004	WP-01	TR-PILOT-ABC	docs/system-design/slices/01-camera-observation.md::DO-CAM-022	sha256:8f2515400ee0f985c36a17a0a0ae328938510ad5d9c68c224684aedd8020f66c	JG-CAM-OWNER	partial	SD-PRT-PHY-001, SD-PRT-CAP-001, SD-PRT-INF-001, SD-PRT-ART-001, SD-EVT-EXE-002	contract/architecture	Adapterからreducer到達	共通	accounted-for	designed	planned	—
DO-CAM-023	AC-ARC-005	WP-01	TR-PILOT-ABC	docs/system-design/slices/01-camera-observation.md::DO-CAM-023	sha256:d424d60eef932bbb03096e59fa6722c3ae5db7ebd857b678647ca021369f4b43	JG-CAM-ARCH	partial	SD-EFX-PHY-001, SD-EFX-TIM-001, SD-EFX-TIM-002, SD-EFX-CAP-001, SD-EFX-INF-001, SD-EFX-ART-001	pure	closure/callback Effect	共通	accounted-for	designed	planned	—
DO-CAM-024	AC-ARC-006	WP-01	TR-PILOT-ABC	docs/system-design/slices/01-camera-observation.md::DO-CAM-024	sha256:274913e566379bcb8d1ac19b371ddf30332e76472b7c4535c0c971ce9cebde6c	JG-CAM-PHYSICAL	partial	SD-EVT-PHY-001, SD-EVT-PHY-002, SD-EVT-EXE-002	contract	bool successへ圧縮	共通	accounted-for	designed	planned	—
DO-CAM-025	AC-ARC-012	WP-01	TR-PILOT-ABC	docs/system-design/slices/01-camera-observation.md::DO-CAM-025	sha256:02723ab1b1a7770b56a9cbaf1f10cedd33eb87f806fac62469c0391e5a7f5676	JG-CAM-PROFILE	partial	SD-CTX-DPF-001, SD-TRN-DPF-003, SD-PRF-PHY-001	pure	plan後Profile変更	共通	accounted-for	designed	planned	—
DO-CAM-026	AC-ARC-017	WP-01	TR-PILOT-ABC	docs/system-design/slices/01-camera-observation.md::DO-CAM-026	sha256:67ba70f05207e3088ef4c7407299fc6acb601806c1e1f5366a46dd4dbffba830	JG-CAM-OWNER	partial	SD-STA-EXE-001, SD-STA-PHY-001, SD-STA-ART-001, SD-STA-DAT-001, SD-STA-PAP-001, SD-STA-DEX-001	architecture	非owner reducer到達	共通	accounted-for	designed	planned	—
DO-CAM-027	AC-OPS-002	WP-08	TR-PILOT-ABC	docs/system-design/slices/01-camera-observation.md::DO-CAM-027	sha256:584d43b9bdf8b2da1c8216eed4f61015f857454dfb26544b2874d9f040fb530d	JG-CAM-PERSIST	partial	SD-PER-EXE-001	crash-recovery	snapshot restart差分	共通	accounted-for	designed	planned	—
DO-CAM-028	AC-OPS-003	WP-08	TR-PILOT-ABC	docs/system-design/slices/01-camera-observation.md::DO-CAM-028	sha256:c269b4ea5eb6d49f06eb0e9527b037ffbca03c05dd7f8b6f2d1949652e16025a	JG-CAM-PERSIST	partial	SD-PER-EXE-001	architecture	journal replay dispatch	共通	accounted-for	designed	planned	—
DO-CAM-029	AC-OPS-004	WP-08	TR-PILOT-ABC	docs/system-design/slices/01-camera-observation.md::DO-CAM-029	sha256:e1917d997949411017468bb490e3e7aa46e6cd85231bfd1b5691d65f79427d76	JG-CAM-PERSIST	partial	SD-TRN-EXE-001, SD-TRN-ART-001, SD-PER-CAM-001	crash-recovery	任意CAS競合、commit後dispatch前crash	共通	accounted-for	designed	planned	—
DO-CAM-030	AC-OPS-005	WP-08	TR-PILOT-ABC	docs/system-design/slices/01-camera-observation.md::DO-CAM-030	sha256:307ffc5a60dfeb74582326d012716f10984c5d471d00075768f96828f4a39bc7	JG-CAM-DISPATCH	partial	SD-RUL-EXE-002, SD-TRN-EXE-002, SD-MOD-EXE-001, SD-PER-EXE-001	concurrency/contract	pendingなしdispatch	共通	accounted-for	designed	planned	—
DO-CAM-031	AC-OPS-006	WP-08	TR-PILOT-ABC	docs/system-design/slices/01-camera-observation.md::DO-CAM-031	sha256:7dcc55877aed1bdfe264ea0f75685040137b2f2f12362a2825b22188289571b5	JG-CAM-DISPATCH	partial	SD-TRN-EXE-002, SD-PER-EXE-002, SD-REC-PHY-001, SD-REC-ART-001, SD-REC-DEX-001	crash-recovery	全Effect classのintent/result crash	共通	accounted-for	designed	planned	—
DO-CAM-032	AC-OPS-012	WP-08	TR-PILOT-ABC	docs/system-design/slices/01-camera-observation.md::DO-CAM-032	sha256:53cf05737fb0321fb8ca49e93a758035b9f3132473765bb0d9fc0d8e13f25f3b	JG-CAM-CANCEL	full	SD-TRN-EXE-004	crash-recovery	revoke後restart	共通	accounted-for	designed	planned	—
DO-CAM-033	AC-OPS-013	WP-08	TR-PILOT-ABC	docs/system-design/slices/01-camera-observation.md::DO-CAM-033	sha256:7f2b21bc2dfd3c73f42dc23a748c0954815fcf8b8181170fd2002fb884a09f54	JG-CAM-CANCEL	full	SD-CMD-INT-001, SD-EVT-INT-001, SD-TRN-EXE-004	crash-recovery	dispatch済みmove cancel	共通	accounted-for	designed	planned	—
DO-CAM-034	AC-OPS-024	WP-08	TR-PILOT-ABC	docs/system-design/slices/01-camera-observation.md::DO-CAM-034	sha256:abb3f121931748f1641d092f4b595ff500a7508937af6065179f8636b115f47c	JG-CAM-RECOVERY	partial	SD-REC-PHY-001, SD-REC-ART-001, SD-REC-DEX-001	crash-recovery	unsafe auto-resume	共通	accounted-for	designed	planned	—
DO-CAM-035	AC-OPS-025	WP-08	TR-PILOT-ABC	docs/system-design/slices/01-camera-observation.md::DO-CAM-035	sha256:6a14b1532cb387eaea78e49ad915ed8cc80acd29099c4de06664e294414d029d	JG-CAM-RECOVERY	partial	SD-TRN-EXE-003, SD-TRN-PHY-001	crash-recovery	Camera occurrenceへのlate result。Qualia／Interaction全体はPilot外	共通	accounted-for	designed	planned	—
DO-CAM-036	AC-OPS-026	WP-08	TR-PILOT-ABC	docs/system-design/slices/01-camera-observation.md::DO-CAM-036	sha256:33eb2a19d7578b394aa8ec943ee56be2603722f3b08576d8a0736bb897ac6245	JG-CAM-RECOVERY	full	SD-STA-PHY-001, SD-POL-REC-001	pure	cooldown→Observed pose	共通	accounted-for	designed	planned	—
DO-CAM-037A	AC-OPS-028	WP-08	TR-PILOT-ABC	docs/system-design/slices/01-camera-observation.md::DO-CAM-037A	sha256:75a629248fdbb3ff860fde9d751e2d267e9164306d7b24d5a650dd183d19ad22	JG-CAM-EXCLUSION	full	SD-CTX-DEX-001, SD-STA-DEX-001, SD-RUL-DEX-001, SD-EFX-DEX-001, SD-PRT-DEX-001	real-device	handle/session未解放、排他証拠欠落	TC70	accounted-for	designed	blocked-by-spike	proof-status:blocked-by-spike
DO-CAM-037B	AC-OPS-028	WP-08	TR-PILOT-ABC	docs/system-design/slices/01-camera-observation.md::DO-CAM-037B	sha256:0b1032670633c39a8a22a78a0098ecb3f7c9ad7633e329e04053aa9aeb706a25	JG-CAM-EXCLUSION	full	SD-STA-DEX-001, SD-POL-DEX-001, SD-TRN-DEX-001	real-device	window expiry、abort、send race	TC70	accounted-for	designed	blocked-by-spike	proof-status:blocked-by-spike
DO-CAM-037C	AC-OPS-028	WP-08	TR-PILOT-ABC	docs/system-design/slices/01-camera-observation.md::DO-CAM-037C	sha256:928a9dc373ada374097b6fdfb55fcc1a432239350725e31585537f69a21301ed	JG-CAM-EXCLUSION	full	SD-EFX-DEX-001, SD-EVT-DEX-001, SD-REC-DEX-001	real-device	Y1復帰/機能確認失敗	TC70	accounted-for	designed	blocked-by-spike	proof-status:blocked-by-spike
DO-CAM-037D	AC-OPS-028	WP-08	TR-PILOT-ABC	docs/system-design/slices/01-camera-observation.md::DO-CAM-037D	sha256:d60ea7a36013571f13def7545f0e82e6e763ef72af77189cbf59914887435f5f	JG-CAM-EXCLUSION	full	SD-POL-DEX-001, SD-MOD-CAM-001	architecture/real-device	Y1 repository/runtime/config/dataへのwrite	TC70	accounted-for	designed	blocked-by-spike	proof-status:blocked-by-spike
DO-CAM-038	AC-DAT-001	WP-04	TR-PILOT-ABC	docs/system-design/slices/01-camera-observation.md::DO-CAM-038	sha256:f0f8622ec6e8f0074d08fb2ca7b273d069d8a2bc94ee971ce025fb1f68a3ca29	JG-CAM-DATA	partial	SD-CTX-DAT-001, SD-RUL-DAT-001, SD-POL-DAT-001	pure	一分類のみ許可	共通	accounted-for	designed	planned	—
DO-CAM-039	AC-DAT-002	WP-04	TR-PILOT-ABC	docs/system-design/slices/01-camera-observation.md::DO-CAM-039	sha256:2f0444a44d82525a24674b54314c4d19a07705c581fd355ced60a1af9784b07f	JG-CAM-CLEANUP	partial	SD-CMD-ART-001, SD-RUL-ART-002, SD-EVT-ART-004	pure/integration	revoked authorization、削除済み再公開	共通	accounted-for	designed	planned	—
DO-CAM-040	AC-DAT-003	WP-04	TR-PILOT-ABC	docs/system-design/slices/01-camera-observation.md::DO-CAM-040	sha256:10374a7558fd4cc39a8d12acd0108c106f06ae8fc550826c3f86d04f62ed34be	JG-CAM-DATA	full	SD-STA-ART-001, SD-PRT-ART-001, SD-PRJ-CAM-001	architecture	path/locator露出	共通	accounted-for	designed	planned	—
DO-CAM-041	AC-DAT-004	WP-04	TR-PILOT-ABC	docs/system-design/slices/01-camera-observation.md::DO-CAM-041	sha256:22dcff82ae40458fb237927fc57afd4d60fa2d7906d31b04eed1a76687152b9f	JG-CAM-CLEANUP	full	SD-CMD-ART-001, SD-EFX-ART-001, SD-EVT-ART-004, SD-TRN-ART-002	integration	EventなしDeleted	共通	accounted-for	designed	planned	—
DO-CAM-042	AC-DAT-005	WP-04	TR-PILOT-ABC	docs/system-design/slices/01-camera-observation.md::DO-CAM-042	sha256:bdd22a94867220c3fe52594a6fb560985b19e9aa656cd106e9b7b1dc93a5f92d	JG-CAM-CLEANUP	partial	SD-RUL-ART-002, SD-REC-ART-001	crash-recovery	dependent/hold中削除、orphan	temp capture	accounted-for	designed	planned	—
DO-CAM-043	AC-DAT-006	WP-04	TR-PILOT-ABC	docs/system-design/slices/01-camera-observation.md::DO-CAM-043	sha256:516f1c311562017f280a5b87b0ff02128aec320c06fab72b8c5f2ccf2b4cc0bd	JG-CAM-DATA	partial	SD-RUL-DAT-001, SD-EVT-DAT-001, SD-TRN-EXE-002	pure	Unknown、空、過少分類	共通	accounted-for	designed	planned	—
DO-CAM-044	AC-DAT-007	WP-04	TR-PILOT-ABC	docs/system-design/slices/01-camera-observation.md::DO-CAM-044	sha256:36ad4206d0a35403d41b5b4265b0fd8b99ea420049426b012f18739c9fdf84be	JG-CAM-OWNER	partial	SD-CTX-DAT-001, SD-STA-DAT-001, SD-TRN-DAT-001	architecture	Artifact/Adapterが分類変更	共通	accounted-for	designed	planned	—
DO-CAM-045	AC-OUT-004	WP-05	TR-PILOT-ABC	docs/system-design/slices/01-camera-observation.md::DO-CAM-045	sha256:7933c19dd77cbbad4cf225a3c435c0b43a356921a7aa90ccdabd507c3d21621f	JG-CAM-OUTPUT	partial	SD-RUL-ART-001, SD-EVT-INF-001	pure/integration	Viewのevidence/Artifact欠落、purpose変換。RecallはPilot外	共通	accounted-for	designed	planned	—
DO-CAM-046	AC-FR-003	WP-02	TR-PILOT-ABC	docs/system-design/slices/01-camera-observation.md::DO-CAM-046	sha256:03bd0664880fda9ac0b51fe0c28888340bf38d8a3dae06c784bcd5045daef953	JG-CAM-PROJECTION	partial	SD-PRJ-CAM-001	projection	lifecycle欠落	共通	accounted-for	designed	planned	—
DO-CAM-047	AC-FR-004	WP-02	TR-PILOT-ABC	docs/system-design/slices/01-camera-observation.md::DO-CAM-047	sha256:f26a0b4edb1b3745a00195971f9047ea2844aa650a64eb7366e71267df17c071	JG-CAM-PROJECTION	partial	SD-FAIL-CAM-001, SD-PRJ-CAM-001	projection	raw exception表示	共通	accounted-for	designed	planned	—
DO-CAM-048	AC-NFR-001	WP-03	TR-PILOT-ABC	docs/system-design/slices/01-camera-observation.md::DO-CAM-048	sha256:ef269cc7d738ae6eab3453efa566f4a01615579099aa2e5ad2a28d5c8aedc314	JG-CAM-MEASURE	partial	SD-EVT-ING-001, SD-PRJ-CAM-001	measurement	区間相関欠落	実機Profile	accounted-for	designed	blocked-by-spike	proof-status:blocked-by-spike
DO-CAM-049	AC-NFR-003	WP-03	TR-PILOT-ABC	docs/system-design/slices/01-camera-observation.md::DO-CAM-049	sha256:b27540568c020f874e01f31200fea4a2c346549464df11d44a168712a83a7df0	JG-CAM-MEASURE	partial	SD-PRJ-CAM-001	measurement	欠測理由なし	実機Profile	accounted-for	designed	blocked-by-spike	proof-status:blocked-by-spike
DO-CAM-050	AC-PER-001	WP-01	TR-PILOT-ABC	docs/system-design/slices/01-camera-observation.md::DO-CAM-050	sha256:05d321821670b0bef3f8ada44fcfe6ac554e21550366f17e7422d5ad1c6ca41b	JG-CAM-GUARD	partial	SD-EVT-EXE-004, SD-TRN-EXE-009, SD-GPH-CAM-001	pure/integration	未宣言factをguardに使う、producer自身の結果で自分をready化、DeclarationとRecordに別lifecycleを持つ	共通Guard Fact	accounted-for	designed	planned	—
DO-CAM-051	AC-OPS-024	WP-08	TR-PILOT-ABC	docs/system-design/slices/01-camera-observation.md::DO-CAM-051	sha256:b58b2eea7249e5581e8e5fde7fd684f9ebda589789cabe1c33c5aafc7211395a	JG-CAM-RECOVERY-CUSTODY	partial	SD-EVT-EXE-005, SD-RUL-EXE-003, SD-TRN-EXE-010, SD-TRN-EXE-011, SD-TRN-EXE-012, SD-PER-EXE-004, SD-PER-EXE-005, SD-REC-PHY-001	concurrency/crash-recovery	custody移管/出口の部分commit、旧exclusive leaseでRecovery自己阻害、StillUnknownでrelease、Quarantined資源を通常再利用	物理資源Recovery	accounted-for	designed	planned	—
DO-CAM-052	AC-ARC-012	WP-01	TR-PILOT-ABC	docs/system-design/slices/01-camera-observation.md::DO-CAM-052	sha256:48a635f60770b9468e7fc7a893ab5aaaede1cfb67bb60d1838844537bc0d9a32	JG-CAM-PROFILE-USE	partial	SD-PER-DPF-001, SD-TRN-DPF-003, SD-TRN-QPR-001	concurrency/crash-recovery	Profile/QPR useの片側だけ取得・解放、retired revisionを無参照と誤認	Camera Profile/QPR	accounted-for	designed	planned	—
DO-CAM-053	AC-OPS-004	WP-08	TR-PILOT-ABC	docs/system-design/slices/01-camera-observation.md::DO-CAM-053	sha256:9084c59d5e4d8157b797a96467a774e0bfef7fc35b71064f348f303dc27161c1	JG-CAM-INITIAL-LINEAGE	partial	SD-PER-CFG-005, SD-EVT-EXE-008, SD-RUL-EXE-006, SD-TRN-EXE-015, SD-PER-EXE-007, SD-PER-CAM-001	concurrency/crash-recovery	CFG useだけ、BRP/IRP useだけ、INT/QLIだけ、lineage/Graphだけの部分commit、generation 1で初期化、同一admissionの二Graph、同じidentityの異payload再送	Camera initial admission/Graph	accounted-for	designed	planned	—
DO-CFG-001	AC-CFG-001	WP-07	TR-PILOT-ABC	docs/system-design/slices/03-configuration-capability.md::DO-CFG-001	sha256:0694f2aec3ec484cdb097aa01e81457819a03546a0f68da801b422f64c6d8dff	JG-CFG-ROOTS	partial	SD-STA-CFG-001, SD-PRT-CFG-001	architecture/contract	XDG役割混在、secret平文	Linux storage境界	accounted-for	designed	planned	—
DO-CFG-002	AC-CFG-002	WP-07	TR-PILOT-ABC	docs/system-design/slices/03-configuration-capability.md::DO-CFG-002	sha256:8e825087219a9ab660df4506a20fa4d4cabf4a0b6a13de507fad09baad00ab6f	JG-CFG-SCHEMA	full	SD-RUL-CFG-001, SD-EVT-CFG-001	pure	不正型、未知必須値受理	configuration schema	accounted-for	designed	planned	—
DO-CFG-003	AC-CFG-003	WP-07	TR-PILOT-ABC	docs/system-design/slices/03-configuration-capability.md::DO-CFG-003	sha256:81eb8f13557a3f0d9a6882ca204bd91e51e04ecf5f6e7a8534679ad4676f2817	JG-CFG-LAYER	full	SD-RUL-CFG-002, SD-PRJ-CFG-001	pure/projection	layer逆転、provenance欠落	configuration layer	accounted-for	designed	planned	—
DO-CFG-004	AC-CFG-004	WP-07	TR-PILOT-ABC	docs/system-design/slices/03-configuration-capability.md::DO-CFG-004	sha256:cd547dac9508cd56a2d6f0201520a09113b4900bf2a0510210ec56d5d0a49f92	JG-CFG-WRITE	full	SD-CMD-CFG-001, SD-EFX-CFG-001, SD-PER-CFG-001, SD-PER-CFG-003	contract/crash-recovery	Web直接write、部分commit	configuration write	accounted-for	designed	planned	—
DO-CFG-005	AC-CFG-005	WP-07	TR-PILOT-ABC	docs/system-design/slices/03-configuration-capability.md::DO-CFG-005	sha256:c46c06f9081e46d7e03d2a9662268f2f4cc583cbbfba4bf44eaf015e22e39638	JG-CFG-WRITE	full	SD-GPH-CFG-001, SD-REC-CFG-001, SD-STA-CFG-001	crash-recovery	失敗後に部分設定をeffective化	configuration write	accounted-for	designed	planned	—
DO-CFG-006	AC-CFG-006	WP-07	TR-PILOT-ABC	docs/system-design/slices/03-configuration-capability.md::DO-CFG-006	sha256:5cb1f9c0ce1c1ca98bbb29b466dc3995a3fb12b32ad118ad7d4da96116618a24	JG-CFG-APPLY	full	SD-RUL-CFG-004, SD-PRJ-CFG-001, SD-GPH-RST-001	pure/projection	指定外restart、反映差分欠落	apply modes	accounted-for	designed	planned	—
DO-CFG-007	AC-CFG-007	WP-07	TR-PILOT-ABC	docs/system-design/slices/03-configuration-capability.md::DO-CFG-007	sha256:99713ac152f784157b544bfb95d16186524ae1e4ae12cd230d7975cc96d642dc	JG-CFG-MIGRATION	full	SD-GPH-MIG-001, SD-RUL-MIG-001, SD-PRT-MIG-001	integration	利用者asset上書き	upgrade	accounted-for	designed	planned	—
DO-CFG-008	AC-CFG-008	WP-07	TR-PILOT-ABC	docs/system-design/slices/03-configuration-capability.md::DO-CFG-008	sha256:9c129674dd620a0a1b60245e9ebecc6a91367201c90434cdb9643af6af50a76c	JG-CFG-MIGRATION	full	SD-REC-MIG-001, SD-PER-MIG-001, SD-PRJ-MIG-001	crash-recovery	部分migration公開	upgrade	accounted-for	designed	planned	—
DO-CFG-009	AC-CFG-009	WP-07	TR-PILOT-ABC	docs/system-design/slices/03-configuration-capability.md::DO-CFG-009	sha256:44ab20a37b2611db4abf76cdcc7abf5f709b5fdb7d5ff933a1c2bbeb4001f0d0	JG-CFG-BINDING	full	SD-MOD-RBI-001, SD-PRT-RBI-001	architecture/contract	mode切替でDomain変更	capability binding	accounted-for	designed	planned	—
DO-CFG-010	AC-CFG-010	WP-07	TR-PILOT-ABC	docs/system-design/slices/03-configuration-capability.md::DO-CFG-010	sha256:aa70d728bb8589cc1bd594a105d654d2ae56a74183b4a308ff706bbb0babda28	JG-CFG-BINDING	full	SD-RUL-RBI-001, SD-EVT-RBI-002, SD-REC-RBI-001	pure/contract	mismatchを互換扱い、fallback	remote binding	accounted-for	designed	planned	—
DO-CFG-013	AC-CFG-013	WP-07	TR-PILOT-ABC	docs/system-design/slices/03-configuration-capability.md::DO-CFG-013	sha256:6529f7da9cf007e2765d9e025fbd0c67ad1d462db3c7d5d35da45591e6a304f7	JG-CFG-APPLY	full	SD-PER-CFG-005, SD-PER-EXE-007, SD-TRN-CFG-006, SD-TRN-BRP-002, SD-TRN-IRP-002	concurrency/crash-recovery	PER-CFG-005がINT/QLIを単独admit、CFG useだけ/BRP-IRP useだけ/Interactionだけ/Graphだけの部分commit、active rebind、fallback	next interaction initial admission	accounted-for	designed	planned	—
DO-CFG-014	AC-CFG-014	WP-07	TR-PILOT-ABC	docs/system-design/slices/03-configuration-capability.md::DO-CFG-014	sha256:aee2c181fa3a3a0eec4f2d3193532538f09d32b4fc19cdcb5b5c0d1867d22ce9	JG-CFG-MATRIX	partial	SD-MOD-RBI-001, SD-EFX-AGT-007, SD-RUL-AGT-007	integration/contract	Codex remote扱い、disabled依存ready	initial deployment	accounted-for	designed	planned	—
DO-CFG-015	AC-CFG-015	WP-07	TR-PILOT-ABC	docs/system-design/slices/03-configuration-capability.md::DO-CFG-015	sha256:427c7e50210eb87b14b2e0c1412c899767efb73e82d9887dc3dcac4f41db033f	JG-CFG-APPLY	partial	SD-PER-CFG-004, SD-PER-CFG-005, SD-TRN-MEM-009, SD-TRN-NOT-001, SD-TRN-AUT-001, SD-CTX-DPF-001	concurrency	active Effectへ遡及	cross-context config	accounted-for	designed	planned	—
DO-CFG-017	AC-SET-002	WP-05	TR-PILOT-ABC	docs/system-design/slices/03-configuration-capability.md::DO-CFG-017	sha256:9c5f422daa73189fb8fa776a9fb1af95624dc4dfc7e1e9b793e91050934207e6	JG-CFG-SETUP	partial	SD-PRJ-RBI-002, SD-PRJ-AGT-001	integration/projection	readiness理由・remedy欠落	doctor	accounted-for	designed	planned	—
DO-CFG-019	AC-QPR-001	WP-03	TR-PILOT-ABC	docs/system-design/slices/03-configuration-capability.md::DO-CFG-019	sha256:a845f7cd7b49bbe740d2865c5824d0beb4c06e855aec3aff31591ed94c6ca39d	JG-CFG-QUALITY	full	SD-STA-QPR-001, SD-TRN-QPR-001	measurement	測定欠落	profile	accounted-for	designed	blocked-by-spike	proof-status:blocked-by-spike
DO-CFG-020	AC-QPR-002	WP-03	TR-PILOT-ABC	docs/system-design/slices/03-configuration-capability.md::DO-CFG-020	sha256:7c2be8887b50ed0b36912982ae9f0e14513c82f8e1731a947cb1eb44be040025	JG-CFG-QUALITY	full	SD-STA-QPR-001, SD-PRJ-RBI-002	measurement	warm/cold混同	profile	accounted-for	designed	blocked-by-spike	proof-status:blocked-by-spike
DO-CFG-021	AC-QPR-003	WP-03	TR-PILOT-ABC	docs/system-design/slices/03-configuration-capability.md::DO-CFG-021	sha256:2bfb273d3e204d03381c2b762c3b6cb6f5805af8dfa2b2b63d36fe4c6208e6b1	JG-CFG-QUALITY	full	SD-STA-QPR-001, SD-RUL-RBI-001	measurement	基準FIX前ready	profile	accounted-for	designed	blocked-by-spike	proof-status:blocked-by-spike
DO-CFG-022	AC-QPR-004	WP-03	TR-PILOT-ABC	docs/system-design/slices/03-configuration-capability.md::DO-CFG-022	sha256:e0387e0fb57ed3f1c463dfc0a5e1fbad0b090dbe58868c58d388430bbabcae0b	JG-CFG-QUALITY	full	SD-TRN-QPR-001, SD-PRJ-RBI-002	measurement	証拠流用	profile	accounted-for	designed	blocked-by-spike	proof-status:blocked-by-spike
DO-CFG-023	AC-PRD-009	WP-02	TR-PILOT-ABC	docs/system-design/slices/03-configuration-capability.md::DO-CFG-023	sha256:eb4cb4893238a761416df80603c647e49e6e5f4d4562aa9bce7ea7934d64069d	JG-CFG-CAP	partial	SD-MOD-RBI-001, SD-PRJ-RBI-001	integration	local/remote広告欠落	inference capability	accounted-for	designed	planned	—
DO-CFG-024	AC-PRD-010	WP-02	TR-PILOT-ABC	docs/system-design/slices/03-configuration-capability.md::DO-CFG-024	sha256:d296c60f04104878b08679600920d6ea4c32e24b5933560925e3b8fd91a05f3e	JG-CFG-ROUTE	full	SD-RUL-BRP-001, SD-RUL-IRP-001, SD-STA-IRP-001	pure/integration	route選択LLM生成	inference routing	accounted-for	designed	planned	—
DO-CFG-025	AC-PRD-011	WP-02	TR-PILOT-ABC	docs/system-design/slices/03-configuration-capability.md::DO-CFG-025	sha256:f93e3db784dded3176e41ae81308adadd3dd378752eafe21a363b0a25d0d40b2	JG-CFG-ROUTE	full	SD-RUL-IRP-001, SD-PRJ-IRP-001, SD-REC-RBI-001	pure/projection	preferred/effective混同、fallback表示	inference routing	accounted-for	designed	planned	—
DO-CFG-026	AC-PRD-017	WP-02	TR-PILOT-ABC	docs/system-design/slices/03-configuration-capability.md::DO-CFG-026	sha256:476121a4995c157fdacf4068aa5ae0cb83493ce831497c6d3a0da9b970ba0b98	JG-CFG-ROUTE	full	SD-PER-CFG-005, SD-TRN-IRP-002, SD-STA-AGT-001	concurrency/integration	active turn rebind	agent turn	accounted-for	designed	planned	—
DO-CFG-027	AC-PRD-020	WP-02	TR-PILOT-ABC	docs/system-design/slices/03-configuration-capability.md::DO-CFG-027	sha256:e5223bba17511c228260d903eaccc612036d40b8854e45c0cff571939ff833f3	JG-CFG-CONTINUITY	full	SD-RUL-IRP-001, SD-STA-AGT-001, SD-STA-PRV-001	pure/integration	NoExternalContinuityへThread偽装	inference route	accounted-for	designed	planned	—
DO-CFG-028	AC-FR-017	WP-02	TR-PILOT-ABC	docs/system-design/slices/03-configuration-capability.md::DO-CFG-028	sha256:f2d7b316fdebaae706f713efb1a15a497bdbd9c98fc0297787204b18eee33f3c	JG-CFG-ROUTE	full	SD-RUL-BRP-001, SD-RUL-IRP-001	pure	behaviorとVision routeを一Decision化	multimodal routing	accounted-for	designed	planned	—
DO-CFG-029	AC-ARC-002	WP-01	TR-PILOT-ABC	docs/system-design/slices/03-configuration-capability.md::DO-CFG-029	sha256:1a7563732404acd07d842cd560fa7f605a6098c3c3334160cb258942a10bc2c1	JG-CFG-DEPENDENCY	partial	SD-MOD-RBI-001, SD-PRT-CFG-001, SD-PRT-RBI-001	architecture	DomainからAdapter/FFIへ依存	Core boundary	accounted-for	designed	planned	—
DO-CFG-032	AC-ARC-009	WP-01	TR-PILOT-ABC	docs/system-design/slices/03-configuration-capability.md::DO-CFG-032	sha256:413a801c247cef0febcebeedc4179ffa85f451b155fd712a4db12e74c57aa896	JG-CFG-ROUTING	full	SD-STA-BRP-001, SD-RUL-BRP-001	pure	gray gate結果を区別しない	behavior routing	accounted-for	designed	planned	—
DO-CFG-033	AC-ARC-010	WP-01	TR-PILOT-ABC	docs/system-design/slices/03-configuration-capability.md::DO-CFG-033	sha256:b7dc653d7bf002363c2fe682dd3116dbfda00e39ba69df9970f52cad9e6e6929	JG-CFG-ROUTING	full	SD-RUL-BRP-001, SD-PRJ-BRP-001	pure	競合・曖昧・候補なしを統合	behavior routing	accounted-for	designed	planned	—
DO-CFG-034	AC-ARC-013	WP-01	TR-PILOT-ABC	docs/system-design/slices/03-configuration-capability.md::DO-CFG-034	sha256:0723dd201cded8226ec53738beb7cd059bc8e5f65db059706da83da31501fe99	JG-CFG-CONTRIBUTOR	full	SD-STA-BRP-001, SD-RUL-BRP-001	pure	rule-onlyでもSBERT必須	contributor policy	accounted-for	designed	planned	—
DO-CFG-035	AC-ARC-018	WP-01	TR-PILOT-ABC	docs/system-design/slices/03-configuration-capability.md::DO-CFG-035	sha256:b0447b1383c4f6493cb1c6c80c0b4f0c33b57ac235b3b18103eb56cf28ec0073	JG-CFG-CONTRIBUTOR	full	SD-STA-BRP-001, SD-TRN-BRP-001, SD-RUL-BRP-001	pure/architecture	Policy version変更にKernel分岐	contributor policy	accounted-for	designed	planned	—
DO-CFG-037	AC-ARC-028	WP-01	TR-PILOT-ABC	docs/system-design/slices/03-configuration-capability.md::DO-CFG-037	sha256:16ed3b326b63bdcc648a9b53146d82ae76f9b1a5cddd4dc04c309a35df6a88f5	JG-CFG-AUTHORITY	partial	SD-CTX-AUT-001, SD-STA-AUT-001, SD-TRN-AUT-001	architecture	Skill/LLMがgrant所有	authorization	accounted-for	designed	planned	—
DO-CFG-055	AC-OPS-009	WP-08	TR-PILOT-ABC	docs/system-design/slices/03-configuration-capability.md::DO-CFG-055	sha256:7031c5ce1e3030fe74ba47742aa65ca2b7b0f5e98b067e534c54e2bc7d04ad15	JG-CFG-RUNTIME	full	SD-MOD-RBI-001, SD-PRT-RBI-001, SD-PRT-RBI-002	architecture/contract	rebindでDomain変更	capability adapter	accounted-for	designed	planned	—
DO-CFG-056	AC-OPS-027	WP-08	TR-PILOT-ABC	docs/system-design/slices/03-configuration-capability.md::DO-CFG-056	sha256:387fa9f074dafa88dac111c57b33f891033c51148a6a4206e55029bf2515c63d	JG-CFG-RUNTIME	partial	SD-RUL-INT-001, SD-RUL-RBI-001, SD-PRJ-RBI-002	pure/integration	unavailable資源でもadmit	Qualia admission	accounted-for	designed	planned	—
DO-CFG-057	AC-API-001	WP-04	TR-PILOT-ABC	docs/system-design/slices/03-configuration-capability.md::DO-CFG-057	sha256:8e52ea480a78fe6db74e4b9a187cf74eebcd541bd52a289f2157a37abd9182c6	JG-CFG-API	partial	SD-CMD-CFG-001, SD-PRJ-CFG-001	contract	UIのみ	API	accounted-for	designed	planned	—
DO-CFG-058	AC-API-002	WP-04	TR-PILOT-ABC	docs/system-design/slices/03-configuration-capability.md::DO-CFG-058	sha256:6cd3a9336cc5409482e41346d993a189f1635272a3144cef3493b10db2f5a7b4	JG-CFG-API	partial	SD-CMD-CFG-001, SD-RUL-CFG-003, SD-GPH-CFG-001	contract	APIがEffect/Adapter/Stateを直接操作	configuration API	accounted-for	designed	planned	—
DO-CFG-059	AC-API-003	WP-04	TR-PILOT-ABC	docs/system-design/slices/03-configuration-capability.md::DO-CFG-059	sha256:5364bd1410bdfda16a20af9c30af790b76b0d5c4f9329e942b111fc1c405e3eb	JG-CFG-API	partial	SD-CMD-CFG-001, SD-PRJ-CFG-001, SD-PRT-CFG-001	architecture	transport schemaをDomain型化	configuration API	accounted-for	designed	planned	—
DO-CFG-064	AC-SKL-003	WP-06	TR-PILOT-ABC	docs/system-design/slices/03-configuration-capability.md::DO-CFG-064	sha256:48ce3370f229148487bdd15147869eb3844f0ad4bed5d9f26a252a051396ea47	JG-CFG-SKILL	full	SD-TRN-AUT-001, SD-STA-AUT-001	pure	自己権限拡大	Skill	accounted-for	designed	planned	—
DO-CFG-065	AC-CFG-006	WP-07	TR-PILOT-ABC	docs/system-design/slices/03-configuration-capability.md::DO-CFG-065	sha256:cf1e554a13244995ebecf9717c8ff0c0d89400e6cc713dd54a6ff8ebcef6e203	JG-CFG-INTERNAL-APPLY	full	SD-RUL-CFG-004, SD-PER-CFG-004, SD-TRN-CFG-005	pure/concurrency	internal Policy/Profile変更を外部Effect化、owner commit前にeffectiveへ昇格、複数ownerの部分commit	Immediate/NextInteraction apply	accounted-for	designed	planned	—
DO-CFG-066	AC-CFG-006	WP-07	TR-PILOT-ABC	docs/system-design/slices/03-configuration-capability.md::DO-CFG-066	sha256:0f0a6397dd4e4d5899cf393d6c414252840ae8458816e2f1f8d8035834ba81b9	JG-CFG-EXTERNAL-APPLY	full	SD-GPH-RBI-001, SD-MOD-RBI-002, SD-RUL-CFG-004	architecture/integration	汎用ApplyTarget Effect、RuntimeControl payloadでCapability materialize/probeを代用	external capability apply	accounted-for	designed	planned	—
DO-CFG-067	AC-CFG-009	WP-07	TR-PILOT-ABC	docs/system-design/slices/03-configuration-capability.md::DO-CFG-067	sha256:b48b6c460e67e6f6d9c2fba6c94175d18eac2afe59b69e76c30cc1fc44d941ef	JG-CFG-RUNTIME-PAYLOAD	full	SD-MOD-RBI-001, SD-MOD-RBI-002, SD-EFX-RBI-001, SD-EFX-RBI-002, SD-EFX-RBI-003, SD-EFX-RBI-004, SD-EFX-RBI-005, SD-EFX-RBI-006, SD-EFX-RBI-007, SD-EFX-RBI-008	contract/architecture	mode、target operation、candidate cleanup contract/custody、AllBindingUsesReleased evidence、query/probe evidence、deadline stage/anchor/durationのfield loss、generic operation DTO	runtime binding payload closure	accounted-for	designed	planned	—
DO-CFG-068	AC-CFG-010	WP-07	TR-PILOT-ABC	docs/system-design/slices/03-configuration-capability.md::DO-CFG-068	sha256:98b5b96a25e7e99d2fc8083c7da22ded837aafa697f60953bbc360cd5be4f4a0	JG-CFG-RUNTIME-RECOVERY	partial	SD-MOD-RBI-001, SD-EFX-RBI-005, SD-EFX-RBI-006, SD-EFX-RBI-007, SD-EFX-RBI-008, SD-EVT-RBI-004, SD-EVT-RBI-005, SD-RUL-RBI-002, SD-RUL-RBI-004, SD-RUL-RBI-010, SD-PER-RBI-003, SD-PER-RBI-006, SD-PER-EXE-005, SD-REC-RBI-001	concurrency/crash-recovery	OutcomeUnknownを自動再送、Q/C/Rを二回attempt、cleanup custody/RCP useの部分Recovery、EXE custody QuarantinedでBindingUseだけRecovery、Quarantined UseをLastUseReleased扱い、late reconcileで新generation変更、旧modeへfallback	runtime binding recovery/no-fallback部分	accounted-for	designed	planned	—
DO-CFG-069	AC-CFG-009	WP-07	TR-PILOT-ABC	docs/system-design/slices/03-configuration-capability.md::DO-CFG-069	sha256:94d3139514f0acbac22af68fb1135ad470dd599e2408997d88546bbe5edd0acf	JG-CFG-RUNTIME-DISPATCH	partial	SD-PER-RBI-002, SD-RUL-RBI-001, SD-RUL-RBI-003	concurrency/crash-recovery	owner revision/readiness/generation/EXEの一部だけ確認、BindingUseまたはoutboxだけcommit、Codexへ非Codex UoWを適用	non-Codex capability dispatch部分	accounted-for	designed	planned	—
DO-CFG-070	AC-CFG-013	WP-07	TR-PILOT-ABC	docs/system-design/slices/03-configuration-capability.md::DO-CFG-070	sha256:4773b1c171c3f9cf14ed2ec9bfdad2e8ea2560972aaa2b525986177c199c169c	JG-CFG-REVISION-USE	full	SD-PER-CFG-005, SD-PER-DPF-001, SD-PER-RBI-001	concurrency/crash-recovery	最終use解放とretirementの部分commit、active work中にrevision破棄	configuration/profile/binding retirement	accounted-for	designed	planned	—
DO-CFG-071	AC-CFG-006	WP-07	TR-PILOT-ABC	docs/system-design/slices/03-configuration-capability.md::DO-CFG-071	sha256:e1fb07c6ec89ae83936d0c990fda5310008be43b79f415527a7e79d1e56e6802	JG-CFG-RESTART-GRAPH	full	SD-RUL-CFG-004, SD-PER-CFG-007, SD-GPH-RST-001, SD-GPH-RBI-001, SD-PER-RST-001, SD-PER-RST-003, SD-EVT-RST-004	integration/concurrency/crash-recovery	RestartAdapterをglobal restart、RestartRuntimeをRBI集合へ誤写像、API retryでGraph重複、別desired/atomic group completionでactivation	apply mode/global runtime restart	accounted-for	designed	planned	—
DO-CFG-072	AC-OPS-024	WP-08	TR-PILOT-ABC	docs/system-design/slices/03-configuration-capability.md::DO-CFG-072	sha256:53ae1cb0c75ce39db59236cb19824008e07bd0c3c1df6edb1fb6391f2bc3c894	JG-CFG-RESTART-RECOVERY	partial	SD-EVT-EXE-005, SD-RUL-EXE-003, SD-TRN-EXE-010, SD-TRN-EXE-011, SD-TRN-EXE-012, SD-PER-EXE-004, SD-PER-EXE-005, SD-EFX-RST-006, SD-EFX-RST-007, SD-RUL-RST-003, SD-EVT-RST-002, SD-GPH-RST-001, SD-TRN-RST-003, SD-PER-RST-003, SD-REC-RST-001	concurrency/crash-recovery	ZがQ/Xより先にready、cancel branchでX evidenceなしZ、custody移管/出口の部分commit、Q/X/Zを二回attempt、StillUnknownのRecord非終端またはrelease、quarantine runtime再利用	runtime restart Recovery	accounted-for	designed	planned	—
DO-CFG-073	AC-CFG-006	WP-07	TR-PILOT-ABC	docs/system-design/slices/03-configuration-capability.md::DO-CFG-073	sha256:02653c401f1edd7ca0965d62a16e44f022c1afff9bc00ce4f502248046f98b2d	JG-CFG-RESTART-HANDOFF	full	SD-MOD-EXE-002, SD-RUL-EXE-004, SD-TRN-EXE-013, SD-RUL-RST-002, SD-RUL-RST-004, SD-TRN-RST-002, SD-TRN-RST-004, SD-EVT-RST-003, SD-EVT-RST-005, SD-PER-RST-002, SD-PER-RST-004	concurrency/crash-recovery	active work残存中restart、handoff Eventだけcommit、target owner未終端でReleased、AwaitOwnerDecisionでReleased、ContributionなしResume、QLI/Behavior/EXEの部分resume、Resume UoWがattempt/BindingUse/intent/outboxを直接生成、crash後にold workを再開	restart active-work handoff lifecycleとpre-claim resume	accounted-for	designed	planned	—
DO-CFG-074	AC-CFG-008	WP-07	TR-PILOT-ABC	docs/system-design/slices/03-configuration-capability.md::DO-CFG-074	sha256:191f8be11e103f21b11a0a1107c797b2137deb44a40801da593bb9a1889f32bc	JG-CFG-MIGRATION-RECOVERY	full	SD-MOD-MIG-001, SD-GPH-MIG-001, SD-EFX-MIG-001, SD-EFX-MIG-002, SD-EFX-MIG-003, SD-EFX-MIG-005, SD-EVT-MIG-001, SD-EVT-MIG-002, SD-EVT-MIG-003, SD-EVT-MIG-004, SD-EVT-MIG-005, SD-RUL-MIG-002, SD-RUL-MIG-003, SD-RUL-MIG-004, SD-TRN-MIG-001, SD-TRN-MIG-002, SD-TRN-MIG-003, SD-TRN-MIG-004, SD-TRN-MIG-005, SD-PER-MIG-002, SD-PER-MIG-003, SD-PER-MIG-004, SD-REC-MIG-001	pure/concurrency/crash-recovery	intermediate DefinitelyAppliedをCompleted、MIG001/003でstage mutation、MIG004二回適用、step skipまたは二段advance、dependency未成立next、operation固有field欠落、Queryへのcancel混入、同stage duplicateで新recovery generation、別stageのbranchをdedupe、Q/X/R再attempt、Plan/stage/next/lease/custody部分commit、未検証Completed/Restored、quarantine workspace公開	ordered migration stage、single mutator、stage-scoped Recovery	accounted-for	designed	planned	—
DO-CFG-075	AC-CFG-005	WP-07	TR-PILOT-ABC	docs/system-design/slices/03-configuration-capability.md::DO-CFG-075	sha256:6361a905e4655c9fe3dd64ac5fe895ed89d2d74cc5450a8fccd398ba2872cfa6	JG-CFG-PERSISTENCE-RECOVERY	full	SD-EVT-CFG-007, SD-RUL-CFG-006, SD-TRN-CFG-007, SD-PER-CFG-008, SD-PER-EXE-005, SD-REC-CFG-001	concurrency/crash-recovery	digest不一致をDefinitelyAppliedとしてfinalize、Q/C/Rの二回attempt、CFG/lease/custodyの部分commit、StillUnknown文書資源を非終端または再利用	configuration persistence Recovery	accounted-for	designed	planned	—
DO-CFG-076	AC-CFG-006	WP-07	TR-PILOT-ABC	docs/system-design/slices/03-configuration-capability.md::DO-CFG-076	sha256:287df50faaf6cdf755e6fef1e6999de9a9817b2fb3f3fd96a77088da0ffc7a0d	JG-CFG-ADAPTER-ATOMIC-ACTIVATION	full	SD-RUL-RBI-005, SD-EVT-RBI-006, SD-PER-RBI-004, SD-RUL-RBI-006, SD-EVT-RBI-007, SD-RUL-CFG-007, SD-PER-CFG-004	pure/concurrency/crash-recovery	target一件だけEffective、CFGだけ新snapshot、Materialize受付だけでactivation、stale readinessでactivation、旧generationをactivation前にretire	RestartAdapter staged preparationとatomic activation	accounted-for	designed	planned	—
DO-CFG-077	AC-OPS-024	WP-08	TR-PILOT-ABC	docs/system-design/slices/03-configuration-capability.md::DO-CFG-077	sha256:37bda9d835867eb21e75ebb4fcd9251464dee4a4b4ae921aeec76a98df0a1fcb	JG-CFG-RESTART-EPOCH	full	SD-MOD-RST-002, SD-MOD-EXE-003, SD-STA-QLI-001, SD-RUL-RST-002, SD-RUL-RST-004, SD-TRN-RST-002, SD-TRN-RST-004, SD-PER-RST-002, SD-PER-RST-004	pure/concurrency/crash-recovery	E1 late handoffでE2 subject変更、handoffがreplacement subjectを自動包含、recovery history上書き、同一Qualiaの二回目restart拒否	restart epochと複数resume cycle	accounted-for	designed	planned	—
DO-CFG-078	AC-CFG-013	WP-07	TR-PILOT-ABC	docs/system-design/slices/03-configuration-capability.md::DO-CFG-078	sha256:ea45fea31a90dd60a7c48965989168285e05bba5fe8f8967a3abf849a6add259	JG-CFG-ZERO-USE-RETIREMENT	full	SD-RUL-RBI-007, SD-EVT-RBI-003, SD-PER-CFG-004, SD-PER-RBI-001	pure/concurrency/crash-recovery	zero-use旧generationが永久Retiring、activation/last-release競合で二Graph、AllBindingUsesReleasedだけ部分commit、Quarantinedをrelease扱い	post-activation generation drain	accounted-for	designed	planned	—
DO-CFG-079	AC-CFG-006	WP-07	TR-PILOT-ABC	docs/system-design/slices/03-configuration-capability.md::DO-CFG-079	sha256:916992dcd2ff8876e84a9e8097703d86114aa81a0841816cd369c2492df479ec	JG-CFG-CANDIDATE-COEXISTENCE	full	SD-PRF-RBI-001, SD-RUL-RBI-008, SD-RUL-CFG-004, SD-PER-RBI-004, SD-PER-CFG-004	contract/integration/spike	singleton local-managed旧/candidateを未証明で並行起動、RequiresGlobalRestartをRestartAdapter実行、RestartRuntimeへ暗黙fallback	Capability別candidate probe能力	accounted-for	designed	blocked-by-spike	proof-status:blocked-by-spike
DO-CFG-080	AC-CFG-009	WP-07	TR-PILOT-ABC	docs/system-design/slices/03-configuration-capability.md::DO-CFG-080	sha256:f56c6729ccca89082ad2e7275b7eee5da6f5e694908ffd2353deb40891a16c5b	JG-CFG-CANDIDATE-PROFILE-OWNER	partial	SD-CTX-RCP-001, SD-STA-RCP-001, SD-EVT-RCP-001, SD-EVT-RCP-002, SD-RUL-RCP-001, SD-RUL-RCP-002, SD-RUL-RCP-003, SD-TRN-RCP-001, SD-TRN-RCP-002, SD-TRN-RCP-003, SD-TRN-RCP-004, SD-PER-RCP-001	pure/architecture/concurrency/crash-recovery	AdapterがProfile/proof変更、evidenceなしPassing、missing/stale/Blocked refでstaging/activation、generationだけ/useだけcommit、Retired/Rejected/Quarantined前release、Acquired use中GC	Runtime candidate probe Profile ownership/use	accounted-for	designed	planned	—
DO-CFG-081	AC-CFG-009	WP-07	TR-PILOT-ABC	docs/system-design/slices/03-configuration-capability.md::DO-CFG-081	sha256:9d1d79a2372a7d59a88139e51df6bcd9cb4735ed106c9d82532873b1668f172c	JG-CFG-CANDIDATE-PROFILE-INGRESS	partial	SD-MOD-RCP-001, SD-CMD-RCP-001, SD-CMD-RCP-002, SD-EVT-RCP-003, SD-EVT-RCP-004, SD-RUL-RCP-004, SD-RUL-RCP-005, SD-TRN-RCP-005, SD-PER-RCP-002, SD-PER-RCP-003, SD-PRT-RCP-001	pure/contract/architecture/concurrency/crash-recovery	Web/API runtime approval、Adapter/Skill/LLM自己申告、未認証CLI、seed一部適用、証拠なしPassing、同一idempotency key異digest、crash後のProfile/proof/ledger部分commit	RCP Profile/proof ingressと初期provisioning	accounted-for	designed	planned	—
DO-CFG-082	AC-CFG-010	WP-07	TR-PILOT-ABC	docs/system-design/slices/03-configuration-capability.md::DO-CFG-082	sha256:9824c210f4a7e907c002c6fd4e9baaf07deb2abe1186b6382b1a938d555e8e06	JG-CFG-RUNTIME-KNOWN-FAILURE	partial	SD-RUL-RBI-009, SD-RUL-RBI-010, SD-EVT-RBI-008, SD-EVT-RBI-009, SD-EFX-RBI-008, SD-PER-RBI-005, SD-PER-RBI-006, SD-PER-RBI-003, SD-TRN-CFG-003, SD-EVT-CFG-004, SD-RUL-RCP-003, SD-TRN-RCP-003	pure/contract/concurrency/crash-recovery	M applied/P known-negativeで即時use/slot lease解放して外部runtimeをorphan化、cleanup proofなしRejected、candidate/use/custody/Occurrence/generation lease/slot lease/CFG stepの部分終端、old effective/snapshot変更、OutcomeUnknownをReleased、duplicate再適用、late resultで復活、複数failed candidateがcleanup identity共有	normal Runtime candidate known-failureとcleanup terminal	accounted-for	designed	planned	—
DO-CFG-083	AC-CFG-010	WP-07	TR-PILOT-ABC	docs/system-design/slices/03-configuration-capability.md::DO-CFG-083	sha256:43a0e30f5cde4b69b643204982f885ff074aa85abc98ee679c8a3065427f954a	JG-CFG-CANDIDATE-CARDINALITY	partial	SD-MOD-RBI-001, SD-PRF-RBI-001, SD-RUL-RBI-008, SD-EVT-RBI-010, SD-PER-RBI-007, SD-PER-CFG-004, SD-PER-RBI-005, SD-PER-RBI-006, SD-PER-RBI-003, SD-MOD-EXE-001, SD-RUL-EXE-002, SD-TRN-EXE-010	pure/architecture/concurrency/crash-recovery	valid Profile後のfirst admission不能、missing/Superseded/Blocked/mismatch Profileからslot自動生成、同じAbsent keyの並行生成で二holder、replayでslot再作成、QuarantinedをAbsent扱い、cleanup/Recovery/StagedReady中の二重candidate、slot/generation/RCP use/Graph/lease部分admission、M/P/K/Q/Rのslot lease欠落、admission/terminal/profile-supersede race、証明なしmulti-candidate	Capability candidate slot lazy creation/cardinality/resource isolation	accounted-for	designed	planned	—
DO-CNV-001	AC-CNV-001	WP-05	TR-PILOT-ABC	docs/system-design/slices/02-finite-conversation.md::DO-CNV-001	sha256:0cd82febe66a043bc4dfa33baa5e077e725022f7f53ff2792161a8a47d265b5f	JG-CNV-E2E	full	SD-GPH-CNV-001, SD-RUL-CNV-002, SD-PRJ-CNV-001	integration	複数入力、Presentation重複、Home未復帰	初期有限会話	accounted-for	designed	planned	—
DO-CNV-002	AC-CNV-002	WP-05	TR-PILOT-ABC	docs/system-design/slices/02-finite-conversation.md::DO-CNV-002	sha256:f253f25d03950e5a036b8fa641656e5927f6c7576e1ea93c4acb6632d7e40a0b	JG-CNV-ADMISSION	full	SD-RUL-INT-001	pure	Policy拒否をfallback	共通	accounted-for	designed	planned	—
DO-CNV-003	AC-CNV-003	WP-05	TR-PILOT-ABC	docs/system-design/slices/02-finite-conversation.md::DO-CNV-003	sha256:dffdb51964ecab0561ba4ffd49ad6c40a1480407f22397bf630f51fb4f8c1857	JG-CNV-ISOLATION	full	SD-STA-CNV-001, SD-STA-AGT-001, SD-GPH-CNV-001	integration	次Interactionが旧Graph/cancelを再利用	共通	accounted-for	designed	planned	—
DO-CNV-004A	AC-CNV-004	WP-05	TR-PILOT-ABC	docs/system-design/slices/02-finite-conversation.md::DO-CNV-004A	sha256:f57a3ea6bd4563fb71110b65d40290bf88b694ec4613ed74e1f07dd14d9c3008	JG-CNV-TERMINAL	full	SD-RUL-CNV-002, SD-EFX-OUT-001, SD-EFX-MEM-002	pure/integration	publish/save前Home	初期有限会話	accounted-for	designed	planned	—
DO-CNV-004B	AC-CNV-004	WP-05	TR-PILOT-ABC	docs/system-design/slices/02-finite-conversation.md::DO-CNV-004B	sha256:53782c01901184f0fcfbf8d24bc32bc82fd58dd8f105023430c19d67e1a1396d	JG-CNV-TERMINAL	full	SD-EFX-AUD-001, SD-REC-CNV-001	integration	heard完了待ち、OutcomeUnknown放置	初期音声	accounted-for	designed	planned	—
DO-CNV-004C	AC-CNV-004	WP-05	TR-PILOT-ABC	docs/system-design/slices/02-finite-conversation.md::DO-CNV-004C	sha256:eb1fa8cd08bd1ca1b710955ccf87ca50b87213036a75346421a1afcce7a1bb43	JG-CNV-TERMINAL	full	SD-GPH-CNV-001, SD-RUL-CNV-004, SD-REC-OUT-001, SD-PER-CNV-001	integration/crash-recovery	Agent失敗・timeout・Projection commit失敗で永久Active	初期有限会話	accounted-for	designed	planned	—
DO-CNV-005B	AC-OPS-024	WP-08	TR-PILOT-ABC	docs/system-design/slices/02-finite-conversation.md::DO-CNV-005B	sha256:18a8ff331531073e888821e21d19d4c9009fbbf8ac779e8c70f6e3a48d7a6f0d	JG-CNV-RECOVERY-CUSTODY	partial	SD-EVT-EXE-005, SD-RUL-EXE-003, SD-TRN-EXE-010, SD-TRN-EXE-011, SD-TRN-EXE-012, SD-PER-EXE-004, SD-PER-EXE-005, SD-EVT-AGT-014, SD-TRN-AGT-011, SD-REC-AGT-001	concurrency/crash-recovery	custody移管/出口の部分commit、StillUnknownでrelease、二回目Recovery attempt、BindingだけTerminalでUse/custodyがRecovery残留、late結果でcurrent turn変更	Agent Recovery custody	accounted-for	designed	planned	—
DO-CNV-006A	AC-AGT-001	WP-06	TR-PILOT-ABC	docs/system-design/slices/02-finite-conversation.md::DO-CNV-006A	sha256:7f6c715342d529fd1f0cfe6568c860f307ef5b62603abbb2a507f87433c0c4d1	JG-CNV-AGENT-RUNTIME	full	SD-MOD-RBI-002, SD-EFX-AGT-007, SD-EVT-AGT-007, SD-RUL-AGT-007, SD-TRN-AGT-007	contract/integration	RuntimeControl payloadでCodex probe結果を代用、fresh probeなしでready	Codex app-server runtime	accounted-for	designed	planned	—
DO-CNV-006B	AC-AGT-003	WP-06	TR-PILOT-ABC	docs/system-design/slices/02-finite-conversation.md::DO-CNV-006B	sha256:7959644f1de3d11296fabe7df71c0201cfd043e414383574c157fe2eeb585e6c	JG-CNV-AGENT-BINDING	full	SD-PER-AGT-001, SD-PER-AGT-002, SD-EVT-AGT-008, SD-TRN-AGT-008	concurrency/crash-recovery	DAT transferなしのAgent dispatch、AGT/EXE/BindingUseの部分commit、Home時のuse解放漏れ	Agent turn binding	accounted-for	designed	planned	—
DO-CNV-006C	AC-SKL-002	WP-06	TR-PILOT-ABC	docs/system-design/slices/02-finite-conversation.md::DO-CNV-006C	sha256:70855aa046a34967ff3767c58a8b0fa67613d1167795b82fd59c399bc36c3ace	JG-CNV-TOOL-AUTH	partial	SD-PER-TOL-001, SD-RUL-TOL-002, SD-EFX-TOL-001	concurrency/crash-recovery	失効grant、失効DAT transfer、AUT/DAT/EXEの部分commit、Agent requestへSkill grantを誤要求	Tool dispatch authorization	accounted-for	designed	planned	—
DO-CNV-007A	AC-AGT-003	WP-06	TR-PILOT-ABC	docs/system-design/slices/02-finite-conversation.md::DO-CNV-007A	sha256:e8e2f2e7ed5eebe4a89a223e70d9040b1925e55a7b8081d76daa847c02a605e5	JG-CNV-AGENT-RECOVERY	full	SD-GPH-AGT-001, SD-EFX-AGT-009, SD-EFX-AGT-010, SD-EVT-AGT-009, SD-EVT-AGT-010, SD-EVT-AGT-014, SD-RUL-AGT-009, SD-TRN-AGT-009, SD-TRN-AGT-011	concurrency/crash-recovery	crash-before-external-IDをnew turnで再送、runtime Probe queryをAgentTurn queryに流用、Q/Rの二回目attempt、StillUnknown後にBinding/Useを非終端、late resultをcurrent turnへ適用	Agent turn Recovery	accounted-for	designed	planned	—
DO-CNV-007B	AC-AGT-004	WP-06	TR-PILOT-ABC	docs/system-design/slices/02-finite-conversation.md::DO-CNV-007B	sha256:ed3a6ddf23dcc45d898a394fa79460b711277e2ecaae14188db202802814f575	JG-CNV-AGENT-CANCEL	full	SD-EFX-AGT-003, SD-EVT-AGT-003, SD-GPH-AGT-001, SD-PER-EXE-004, SD-PER-EXE-005	concurrency/crash-recovery	stale cancel送信、cancel受付をturn未実行と推定、cancel OutcomeUnknownでlease解放	Agent cancel Recovery	accounted-for	designed	planned	—
DO-CNV-007C	AC-AGT-007	WP-06	TR-PILOT-ABC	docs/system-design/slices/02-finite-conversation.md::DO-CNV-007C	sha256:aa04def4e678b037dc39979aa207935a10aa45ee6e12326d93d36c60e10b9d1c	JG-CNV-THREAD-RESET-RECOVERY	full	SD-GPH-AGT-002, SD-EFX-AGT-011, SD-EFX-AGT-012, SD-EFX-AGT-013, SD-EVT-AGT-011, SD-EVT-AGT-012, SD-EVT-AGT-013, SD-EVT-AGT-015, SD-EVT-AGT-016, SD-RUL-AGT-010, SD-RUL-AGT-011, SD-TRN-AGT-010, SD-TRN-AGT-012, SD-TRN-AGT-013, SD-PER-AGT-003	concurrency/crash-recovery	reset不明時に暗黙new Thread、Q/Rを再attempt、StillUnknownでbarrier非終端、DefinitelyNotAppliedで旧Thread自動復活または同operation再送、Owner明示restartなしでfresh barrier、prior barrier上書き、current refだけ更新、旧late結果をcurrent replacementへ適用	Thread reset barrier MapとRecovery	accounted-for	designed	planned	—
DO-CNV-007D	AC-OPS-006	WP-08	TR-PILOT-ABC	docs/system-design/slices/02-finite-conversation.md::DO-CNV-007D	sha256:34a88752333a1e019aadad7cb055be5126b277d61d02e96066232490b13c5be7	JG-CNV-TOOL-RECOVERY	partial	SD-GPH-TOL-001, SD-EFX-TOL-002, SD-EFX-TOL-004, SD-EFX-TOL-005, SD-EVT-TOL-002, SD-EVT-TOL-004, SD-EVT-TOL-005, SD-EVT-TOL-006, SD-RUL-TOL-003, SD-TRN-CNV-005, SD-TRN-CNV-006	concurrency/crash-recovery	journal replayからtool再実行、queryを新tool実行へ変換、Q/Rの二回目attempt、StillUnknownでToolRecovery非終端または資源再利用、late successで次Agentをready化	Tool operation Recovery	accounted-for	designed	planned	—
DO-CNV-008A	AC-OPS-024	WP-08	TR-PILOT-ABC	docs/system-design/slices/02-finite-conversation.md::DO-CNV-008A	sha256:267c80ca9cd41dbeecf3206a6ecd97bbba3a46f003001033934295669a0a0ba9	JG-CNV-RESUME-LINEAGE	partial	SD-MOD-EXE-003, SD-RUL-EXE-004, SD-TRN-EXE-013, SD-RUL-EXE-005, SD-EVT-EXE-007, SD-TRN-EXE-014, SD-PER-EXE-006	pure/concurrency/crash-recovery	replacementが旧subject/generation再利用、resume requestだけClaimed、Resume専用dispatch、normal claimがrequestを変更しない	Resume lineageとnormal claim接続	accounted-for	designed	planned	—
DO-CNV-008B	AC-OPS-024	WP-08	TR-PILOT-ABC	docs/system-design/slices/02-finite-conversation.md::DO-CNV-008B	sha256:c42db4b622a1a89b8f921bdd742eee3a70941d40f395182ba2cc2d3310671256	JG-CNV-MULTI-RESUME	partial	SD-EVT-CNV-004, SD-RUL-CNV-006, SD-TRN-CNV-008, SD-PER-CNV-002, SD-STA-CNV-001	pure/concurrency/crash-recovery	Qualia一件keyで二回目resume拒否、明示progressなしcheckpoint、completed Agent node再実行、旧subject late progressで新checkpoint	同一有限Qualiaの複数resume generation	accounted-for	designed	planned	—
DO-CNV-008C	AC-OPS-006	WP-08	TR-PILOT-ABC	docs/system-design/slices/02-finite-conversation.md::DO-CNV-008C	sha256:3f3bce0b31229b9b86318f20dfa2a1a75b701537581465e0a14314b2bf04990c	JG-CNV-LINEAGE-CANCEL	partial	SD-MOD-EXE-003, SD-TRN-EXE-004, SD-RUL-EXE-005, SD-PER-EXE-006	pure/concurrency	exact generationだけ取消、取消後resume generation生成、旧resultでreplacement変更	Interaction lineage取消	accounted-for	designed	planned	—
DO-CNV-009A	AC-OPS-004	WP-08	TR-PILOT-ABC	docs/system-design/slices/02-finite-conversation.md::DO-CNV-009A	sha256:3eedfd98206c9c77014bdee3067800847e9c18543da36fa04c8dcf0bc35e60ac	JG-CNV-INITIAL-LINEAGE	partial	SD-PER-CFG-005, SD-EVT-EXE-008, SD-RUL-EXE-006, SD-TRN-EXE-015, SD-PER-EXE-007, SD-PER-CNV-001	concurrency/crash-recovery	CFG useだけ、BRP/IRP useだけ、INT/QLI/CNVだけ、lineage/Graphだけの部分commit、同一admissionで二Graph、異payload replay	有限Conversation initial admission/Graph	accounted-for	designed	planned	—
DO-CNV-009B	AC-OPS-024	WP-08	TR-PILOT-ABC	docs/system-design/slices/02-finite-conversation.md::DO-CNV-009B	sha256:92ca4a58f3b96431c0852ad8003e6d13e3e85cd746181e66e052af42c0cd2197	JG-CNV-RESUME-REJECTION	partial	SD-EVT-EXE-007, SD-MOD-EXE-002, SD-EVT-CNV-005, SD-RUL-CNV-007, SD-TRN-CNV-009, SD-TRN-INT-002, SD-PER-CNV-003	pure/concurrency/crash-recovery	EXE Rejected後にQualia Active+turn Open、LLMによる拒否説明捏造、新checkpoint、CNV/INT/QLI/EXEの部分commit、crash後Home不能	resume claim恒久拒否の有限終端	accounted-for	designed	planned	—
DO-DAT-001B	AC-DAT-001	WP-04	TR-PILOT-ABC	docs/system-design/slices/02-finite-conversation.md::DO-DAT-001B	sha256:61ab5e4fab5865fd2a5d82c0b37983943a22dcd49d2a0304e33dafcab24e90c5	JG-CNV-AUTH	partial	SD-RUL-AGT-005, SD-EFX-DAT-001, SD-EVT-DAT-002, SD-PRT-DAT-001	pure/contract	複合分類の一部許可、失効許可でProvider送信	Conversation/Memory部分	accounted-for	designed	planned	—
DO-EFX-004B	AC-EFX-004	WP-01	TR-PILOT-ABC	docs/system-design/slices/02-finite-conversation.md::DO-EFX-004B	sha256:30256c1a4dff08a77166c467e9961225cfc4c9af253fb6fae8a88c63fbdae275	JG-CNV-EXECUTION	partial	SD-STA-EXE-001, SD-RUL-CNV-003, SD-PER-EXE-001, SD-PER-EXE-002	architecture/integration	Conversation専用dispatcher、共通結果envelope未使用	Pilot B Effect	accounted-for	designed	planned	—
DO-FR-009	AC-FR-009	WP-02	TR-PILOT-ABC	docs/system-design/slices/02-finite-conversation.md::DO-FR-009	sha256:a0395604442ef8270a2c12d3c6999d1f4a8b980da9050494be52a748085cb0be	JG-CNV-QUALIA	full	SD-STA-QLI-001, SD-TRN-QLI-001	pure	Home以外で開始受理	共通	accounted-for	designed	planned	—
DO-FR-010	AC-FR-010	WP-02	TR-PILOT-ABC	docs/system-design/slices/02-finite-conversation.md::DO-FR-010	sha256:7281fcff37a307126d8f74009270131065ea09937f103b0438bca70b66228596	JG-CNV-QUALIA	full	SD-RUL-INT-001	pure	Busy時Effect/queue生成	共通	accounted-for	designed	planned	—
DO-FR-012	AC-FR-012	WP-02	TR-PILOT-ABC	docs/system-design/slices/02-finite-conversation.md::DO-FR-012	sha256:1fafcbdb924f34631829482b854bbb5ccbd7141ec129d3157fa460230e2fc756	JG-CNV-HOME	partial	SD-CMD-QLI-001	contract	音声/Webで別Command	共通Command部分	accounted-for	designed	planned	—
DO-FR-013	AC-FR-013	WP-02	TR-PILOT-ABC	docs/system-design/slices/02-finite-conversation.md::DO-FR-013	sha256:ec0145d2aa911437696c17e709c7625d017be14f59522a29c1aa36506912f261	JG-CNV-HOME	full	SD-RUL-CNV-002, SD-EVT-QLI-001	pure/integration	termination結果圧縮	初期会話	accounted-for	designed	planned	—
DO-MEM-001	AC-MEM-001	WP-06	TR-PILOT-ABC	docs/system-design/slices/02-finite-conversation.md::DO-MEM-001	sha256:f2fab3cbfae3fc51fd20bb28a364332d24a6d7184686a04096c71f19bcd43635	JG-CNV-OWNER	full	SD-CTX-CNV-001, SD-CTX-MEM-001, SD-CTX-AGT-001	architecture	外部AdapterがState変更	共通	accounted-for	designed	planned	—
DO-MEM-002A	AC-MEM-002	WP-06	TR-PILOT-ABC	docs/system-design/slices/02-finite-conversation.md::DO-MEM-002A	sha256:5b916acd8f2d1edbd3efab2a6f8ca75229e270c0133cb4b24acc988ea7a9379f	JG-CNV-SAVE	full	SD-RUL-CNV-001, SD-EFX-MEM-002, SD-STA-MEM-001	pure/integration	raw Proposal/reflex保存	共通	accounted-for	designed	planned	—
DO-MEM-002B	AC-MEM-002	WP-06	TR-PILOT-ABC	docs/system-design/slices/02-finite-conversation.md::DO-MEM-002B	sha256:7083ebc95806179446bd060505882f93ee716fe8670ec5cde6d4761b484f5538	JG-CNV-SAVE	full	SD-EFX-MEM-003, SD-TRN-MEM-003, SD-TRN-MEM-004, SD-TRN-MEM-005, SD-TRN-MEM-006, SD-TRN-MEM-007, SD-TRN-MEM-008, SD-REC-MEM-001	integration	明示save、revocation後save、delete/reset後再注入	共通	accounted-for	designed	planned	—
DO-MEM-003A	AC-MEM-003	WP-06	TR-PILOT-ABC	docs/system-design/slices/02-finite-conversation.md::DO-MEM-003A	sha256:b028747e33717ee7e93cf271e05cea6e6fc68d6e191289f2f244e4725ec5a620	JG-CNV-RECALL	full	SD-STA-MEM-001, SD-RUL-MEM-001	pure	既定件数が0/3でない	通常会話	accounted-for	designed	planned	—
DO-MEM-003B	AC-MEM-003	WP-06	TR-PILOT-ABC	docs/system-design/slices/02-finite-conversation.md::DO-MEM-003B	sha256:268e5b76766a0b68bf9d1473717b09b44d164a963fc14454cda2fdc474f130fb	JG-CNV-RECALL	full	SD-RUL-MEM-002, SD-EVT-MEM-001	pure	semanticをrecentより優先、空とFailure混同	共通	accounted-for	designed	planned	—
DO-MEM-004	AC-MEM-004	WP-06	TR-PILOT-ABC	docs/system-design/slices/02-finite-conversation.md::DO-MEM-004	sha256:b17138b361c61b9b48f2852c0cda6de01955079ea6c0c3365d7b59a882ee3562	JG-CNV-RECALL	full	SD-CMD-INT-002, SD-RUL-INT-001, SD-CMD-MEM-004, SD-GPH-MEM-001, SD-RUL-MEM-001, SD-RUL-MEM-002, SD-PRJ-MEM-001	pure/integration	admission/idempotency迂回、purpose外記憶を現在事実化、失敗時LLM呼出し	明示Recall	accounted-for	designed	planned	—
DO-MEM-005A	AC-MEM-005	WP-06	TR-PILOT-ABC	docs/system-design/slices/02-finite-conversation.md::DO-MEM-005A	sha256:0442003b840c3f93fead2de2b2844e41e46a9db30c83bca017c723bb1436b4e0	JG-CNV-GRAPH	full	SD-GPH-CNV-001, SD-EFX-MEM-001, SD-EFX-DAT-001, SD-RUL-AGT-001	integration	retrieval/content許可確認前Agent dispatch、Adapter隠れI/O	共通	accounted-for	designed	planned	—
DO-MEM-005B	AC-MEM-005	WP-06	TR-PILOT-ABC	docs/system-design/slices/02-finite-conversation.md::DO-MEM-005B	sha256:a99bc12bf05f69c0c96376d605cade0125f59d90bcef6c9c379dc37d70fcfe3f	JG-CNV-CONTINUITY	full	SD-EFX-AGT-001, SD-EFX-AGT-002	contract	Threadなしrouteが継続を主張	共通	accounted-for	designed	planned	—
DO-MEM-005C	AC-MEM-005	WP-06	TR-PILOT-ABC	docs/system-design/slices/02-finite-conversation.md::DO-MEM-005C	sha256:1cf72c4675d2f85ed7323ec4526b3583cd1a21a5da4b9e1791eff6ea2a24f6ac	JG-CNV-FAILURE	full	SD-RUL-MEM-003, SD-EFX-OUT-001	pure/integration	通常会話停止、明示RecallをLLMが捏造	Owner決定済み	accounted-for	designed	planned	—
DO-MEM-006A	AC-MEM-006	WP-06	TR-PILOT-ABC	docs/system-design/slices/02-finite-conversation.md::DO-MEM-006A	sha256:1ffccf2a5c3a3d871527cfefcdce0ecdcd94433821248cd2d4c77e03963d66a2	JG-CNV-RESET	full	SD-CMD-MEM-003, SD-CMD-AGT-001, SD-TRN-AGT-002	pure/integration	reset相互連動	共通	accounted-for	designed	planned	—
DO-MEM-006B	AC-MEM-006	WP-06	TR-PILOT-ABC	docs/system-design/slices/02-finite-conversation.md::DO-MEM-006B	sha256:2b9e59f4fd38e9cea5c91314b50bce19c3af8325f20996d31e13b0ffcbb99853	JG-CNV-RESET	full	SD-RUL-AGT-004, SD-REC-AGT-002	crash-recovery	barrier後旧Thread使用、late result再結合	共通	accounted-for	designed	planned	—
DO-OPS-014	AC-OPS-014	WP-08	TR-PILOT-ABC	docs/system-design/slices/02-finite-conversation.md::DO-OPS-014	sha256:8fdb013d07bfc7d723b34d62fef032d39d777d5d6391e7d9e8901e1cc5311a37	JG-CNV-CANCEL	partial	SD-RUL-AGT-002, SD-REC-AGT-001	pure	cancel後Proposal承認	Agent部分	accounted-for	designed	planned	—
DO-OPS-015	AC-OPS-015	WP-08	TR-PILOT-ABC	docs/system-design/slices/02-finite-conversation.md::DO-OPS-015	sha256:596d23dc21cedec4f6efd928595ff1546097d99c028de1a02a04eac24a9cec24	JG-CNV-NOTICE	full	SD-STA-NOT-001, SD-RUL-NOT-001, SD-PRJ-CNV-001	pure/integration	silentで内部Projectionまで抑止	共通通知	accounted-for	designed	planned	—
DO-OPS-016	AC-OPS-016	WP-08	TR-PILOT-ABC	docs/system-design/slices/02-finite-conversation.md::DO-OPS-016	sha256:57e7b8de1631aa9c3367b429a8b385a95e696781b8c37250347c9fa6baf21b42	JG-CNV-NOTICE	full	SD-EVT-NOT-001, SD-TRN-EXE-003, SD-REC-NOT-001	contract/integration	Policy Stateへ結果を混入、成功・Failure・OutcomeUnknownを圧縮	共通通知	accounted-for	designed	planned	—
DO-OPS-019	AC-OPS-019	WP-08	TR-PILOT-ABC	docs/system-design/slices/02-finite-conversation.md::DO-OPS-019	sha256:e35734bfa524bfcd55de439767c29c8b2692f0c8bb296f921d5d0315429b7fb4	JG-CNV-CANCEL	partial	SD-RUL-AGT-003, SD-EFX-AGT-003	pure/integration	unsupported取消を停止成功化	Agent部分	accounted-for	designed	planned	—
DO-OPS-024	AC-OPS-024	WP-08	TR-PILOT-ABC	docs/system-design/slices/02-finite-conversation.md::DO-OPS-024	sha256:6c6c24a4b24ede87c4ff05fda82226dc131000d71859afa4c3b40a7c568abb94	JG-CNV-RECOVERY	full	SD-MOD-EXE-002, SD-RUL-EXE-004, SD-EVT-EXE-006, SD-TRN-EXE-013, SD-RUL-CNV-005, SD-EVT-CNV-003, SD-TRN-CNV-007, SD-REC-CNV-001, SD-RUL-QLI-001, SD-EVT-QLI-002, SD-TRN-QLI-001, SD-TRN-QLI-002, SD-RUL-RST-004, SD-EVT-RST-005, SD-TRN-RST-004, SD-PER-RST-002, SD-PER-RST-004, SD-PER-AGT-001, SD-PER-TOL-001, SD-PER-RBI-002	pure/concurrency/crash-recovery	checkpointなしResume、Behavior ContributionなしResume、stale digest/revisionでResume、QLIだけActive、Behavior checkpointだけConsumed、置換Occurrenceと同時にattempt/outbox生成、旧Occurrence再dispatch、restart中のgrant/DAT revoke、readiness stale、binding generation交代、normal claim CAS競合時にBindingUse/intent/outbox残存、OutcomeUnknown再attempt、未終端ownerでHome、AwaitOwnerDecisionでhandoff release、Quarantine前のresource再利用、restart後自動再開	Starting/Active/Terminatingの同session Recovery、Behavior+EXE pre-claim resume、通常dispatch再認可、四値Decision	accounted-for	designed	planned	—
DO-OPS-025	AC-OPS-025	WP-08	TR-PILOT-ABC	docs/system-design/slices/02-finite-conversation.md::DO-OPS-025	sha256:619372e8fc0e8318ddd3d4e437b59ac60181359facae02fe4807895520604782	JG-CNV-ISOLATION	partial	SD-REC-AGT-001, SD-TRN-AGT-001	crash-recovery	旧session結果が新session更新	Agent部分	accounted-for	designed	planned	—
DO-OPS-029	AC-OPS-029	WP-08	TR-PILOT-ABC	docs/system-design/slices/02-finite-conversation.md::DO-OPS-029	sha256:72b9addf0604f48f90a1f903051377f1f82487cb4e903963f1e1e53066056491	JG-CNV-NOTICE	full	SD-RUL-NOT-001, SD-EFX-NOT-001, SD-EVT-NOT-001, SD-PRT-NOT-001	pure/integration	Web/Home/反射で通知、silent無視	初期会話	accounted-for	designed	planned	—
DO-OPS-030	AC-OPS-030	WP-08	TR-PILOT-ABC	docs/system-design/slices/02-finite-conversation.md::DO-OPS-030	sha256:1f04b5a8ed0196fb6547cb8cd31988fcd0e84f41e169dd8c38a87603d9555b3f	JG-CNV-NOTICE	full	SD-GPH-CNV-001, SD-EFX-NOT-001, SD-EVT-NOT-001, SD-TRN-EXE-003	pure/integration	通知FailureでAgent停止、final音声と相関混同	初期会話	accounted-for	designed	planned	—
DO-OUT-002	AC-OUT-002	WP-05	TR-PILOT-ABC	docs/system-design/slices/02-finite-conversation.md::DO-OUT-002	sha256:4e2b32a1e359bbea542df7af2bac5ec2867e4910e9038550e677a9f24d7ba1e1	JG-CNV-PRESENTATION	partial	SD-EFX-OUT-001, SD-PRJ-CNV-001	integration	RecallEmpty/Failure混同	Conversation/Recall部分	accounted-for	designed	planned	—
DO-OUT-004	AC-OUT-004	WP-05	TR-PILOT-ABC	docs/system-design/slices/02-finite-conversation.md::DO-OUT-004	sha256:520b39d48e3d792cd890a14ec38703f1d74406385fa385f3175bf730f1f18f7d	JG-CNV-PRESENTATION	partial	SD-RUL-MEM-002, SD-RUL-MEM-003	pure	provenance欠落を別purpose化	Recall部分	accounted-for	designed	planned	—
DO-QLI-001A	AC-QLI-001	WP-05	TR-PILOT-ABC	docs/system-design/slices/02-finite-conversation.md::DO-QLI-001A	sha256:3c2bb373a0882e58aa9aff2ee8df100df85390dc41b027017f576d6ac4737b8b	JG-CNV-OWNER	full	SD-CTX-QLI-001, SD-CTX-INT-001, SD-RUL-INT-001	architecture/pure	owner重複	共通	accounted-for	designed	planned	—
DO-QLI-001B	AC-QLI-001	WP-05	TR-PILOT-ABC	docs/system-design/slices/02-finite-conversation.md::DO-QLI-001B	sha256:0f4225ff153bf2f983827bb293e9ad65c9682aa5d8b43619893757510638abf1	JG-CNV-IDEMPOTENCY	full	SD-STA-INT-001	contract	API keyとEffect attemptを共用	共通	accounted-for	designed	planned	—
DO-QLI-002	AC-QLI-002	WP-05	TR-PILOT-ABC	docs/system-design/slices/02-finite-conversation.md::DO-QLI-002	sha256:e95aa27b5469e7d5d380542e718a0f0c3d7b95190a10b4737586eb65b9ac8054	JG-CNV-ADMISSION	full	SD-RUL-INT-001, SD-STA-QLI-001	pure	Busy時queue/Graph生成	共通	accounted-for	designed	planned	—
DO-QLI-003	AC-QLI-003	WP-05	TR-PILOT-ABC	docs/system-design/slices/02-finite-conversation.md::DO-QLI-003	sha256:52bfe2a1b9efcba0fffea3ff2427721f72aebdf058672fedd8b47a6179ccf3e8	JG-CNV-CONTROL	full	SD-CMD-QLI-001, SD-RUL-INT-001	pure	Behavior PolicyがHome/Web Cancelを抑止	共通	accounted-for	designed	planned	—
DO-QLI-004A	AC-QLI-004	WP-05	TR-PILOT-ABC	docs/system-design/slices/02-finite-conversation.md::DO-QLI-004A	sha256:ca187e4db6498d631d621bfa50169eccf1fd58e5e8bd004c54debc93d32b689a	JG-CNV-IDEMPOTENCY	full	SD-CMD-INT-002, SD-STA-INT-001, SD-TRN-INT-001	concurrency	同一key異payload、voice identity欠落	共通	accounted-for	designed	planned	—
DO-QLI-004B	AC-QLI-004	WP-05	TR-PILOT-ABC	docs/system-design/slices/02-finite-conversation.md::DO-QLI-004B	sha256:c783556410158f67e2fc5b45af9b407dfad3e41d53f75ea7b3b9a6778b62614b	JG-CNV-IDEMPOTENCY	full	SD-STA-INT-001, SD-PER-CNV-001	crash-recovery	admission結果とlifecycleを混同、restart後再実行	共通	accounted-for	designed	planned	—
DO-SCP-001	AC-SCP-001	WP-04	TR-PILOT-ABC	docs/system-design/slices/02-finite-conversation.md::DO-SCP-001	sha256:92efea4a3004871b359479877a5578323d6028a7bdf39fb5e1c25fe363b6e059	JG-CNV-AUDIO	partial	SD-EFX-AUD-001, SD-GPH-CNV-001	integration	chunk/queue/backpressure生成	初期会話音声	accounted-for	designed	planned	—
DO-SEC-001	AC-SEC-001	WP-06	TR-PILOT-ABC	docs/system-design/slices/02-finite-conversation.md::DO-SEC-001	sha256:e1b64173ca51b8ce0bce4a0dd544fe6dcd1ac475d7399b73d763b35b0d427012	JG-CNV-REDACTION	partial	SD-STA-AGT-001, SD-PRJ-AGT-001, SD-MOD-CNV-001	architecture/contract	Thread ID/raw delta/plain secret露出	Pilot B面	accounted-for	designed	planned	—
DO-SET-003	AC-SET-003	WP-05	TR-PILOT-ABC	docs/system-design/slices/02-finite-conversation.md::DO-SET-003	sha256:41c68da856980b9648ce9aae172be63fc8619df06491c5fca706456ff747c542	JG-CNV-E2E	partial	SD-GPH-CNV-001, SD-PRJ-CNV-001	real-device	Fakeだけ、Home欠落	有限会話部分	accounted-for	designed	blocked-by-spike	proof-status:blocked-by-spike
DO-SKL-002B	AC-SKL-002	WP-06	TR-PILOT-ABC	docs/system-design/slices/02-finite-conversation.md::DO-SKL-002B	sha256:8703312eb8cecc679c710b96fae7ca5e5bb8f686e133a856ed378947d235d4e4	JG-CNV-TOOL	partial	SD-RUL-TOL-002, SD-EFX-TOL-001, SD-EFX-TOL-002, SD-EFX-TOL-003, SD-EVT-TOL-001, SD-RUL-TOL-001, SD-PRT-TOL-001, SD-REC-TOL-001	pure/contract/integration	dispatch前revocation無視、grant外副作用、tool無期限停止、cancel/timeout後late結果採用	Skill実行部分	accounted-for	designed	planned	—
