Record type	Identity	Value
tranche	TR-WP01-ACOU-001	WP-01
package	WP-01	TR-WP01-ACOU-001
parent-ac	AC-ACOU-001	TR-WP01-ACOU-001
parent-ac	AC-ACOU-002	TR-WP01-ACOU-001
parent-ac	AC-ACOU-003	TR-WP01-ACOU-001
parent-ac	AC-ACOU-004	TR-WP01-ACOU-001
parent-ac	AC-ACOU-005	TR-WP01-ACOU-001
parent-ac	AC-ACOU-006	TR-WP01-ACOU-001
parent-ac	AC-ACOU-007	TR-WP01-ACOU-001
obligation	DO-ACO-001A	TR-WP01-ACOU-001	sha256:ea7c744776f097e5d9a0dcd297ead7d41032a97f5ff3aa1a00b8f6f9153da273
obligation	DO-ACO-001B	TR-WP01-ACOU-001	sha256:890c10c2930cbebc5947da64219959f3b29f24297ee88190573cee30294ddfaa
obligation	DO-ACO-001C	TR-WP01-ACOU-001	sha256:186682acd9197caea393ea1e773960c148dddd5ae989a88a5508e837e1d3b292
obligation	DO-ACO-002A	TR-WP01-ACOU-001	sha256:c9c4de386f667303284ed0959eaedb3624a35af1001fb957d4b4f15a1100006f
obligation	DO-ACO-002B	TR-WP01-ACOU-001	sha256:014a2d5a47adad4e2639a34034191f5014dd26b19ac6e598c655ee4794b3a3ea
obligation	DO-ACO-002C	TR-WP01-ACOU-001	sha256:856262ac5aec05ad0b12aa26439ea29cc8a54b6dcc43e7d9abc23aff48e02ccd
obligation	DO-ACO-003A	TR-WP01-ACOU-001	sha256:10651d27651f79617102f66dcc510a564c07051632e1fd8251a762cb0e7d495f
obligation	DO-ACO-003B	TR-WP01-ACOU-001	sha256:506855e362e90b86601ae849089057141c3bcdc15aecf93984e0d3fd90270882
obligation	DO-ACO-004A	TR-WP01-ACOU-001	sha256:33d44a754294aed6b4e6853198adc980ab943ef1e05209f97936dbd12b85eb35
obligation	DO-ACO-004B	TR-WP01-ACOU-001	sha256:f7c4705f78f3ff69623ba880116f7ec992c47223424f254a8fc831502ad22235
obligation	DO-ACO-005A	TR-WP01-ACOU-001	sha256:3b4bd2dc031b83d53f4a735220a61ac88b4ac25d1d3465a929e5728c8b350616
obligation	DO-ACO-005B	TR-WP01-ACOU-001	sha256:4e2efeabb91c3fabffede7af45e5bf136da79be90ed34394ac46e0d39bd28d64
obligation	DO-ACO-005C	TR-WP01-ACOU-001	sha256:a55f050c2a0127ccb83ea7c9ba6e2f5588cf0d4a2595e7c1adfdb4ca424f18bf
obligation	DO-ACO-006A	TR-WP01-ACOU-001	sha256:9a1c158b5b8a1c9448d521aa3e6300d563fada1f6e4e7dd414fe2cca88d6a2c0
obligation	DO-ACO-006B	TR-WP01-ACOU-001	sha256:7f2ae1d65ed8b604c059aad79a950e865c6ede6eea66507653baadab89459cff
obligation	DO-ACO-006C	TR-WP01-ACOU-001	sha256:f2b7ecfec564123a44622fa5158d549ce015d363448975095f2eff3e391e5513
obligation	DO-ACO-006D	TR-WP01-ACOU-001	sha256:498756d8e9986d860c7ababb1b6bea24a68ef83f7ef5e8477222efb4781cdfc1
obligation	DO-ACO-007A	TR-WP01-ACOU-001	sha256:00fe0f274aa8bbb240ef47e34ee008f491d68dc6e7dabb22cc6f984e14f14b19
obligation	DO-ACO-007B	TR-WP01-ACOU-001	sha256:05bb8f3e0525e07867a5c907ce2dbc85f314238444124425355b8de5d67ed695
obligation	DO-ACO-007C	TR-WP01-ACOU-001	sha256:3bded7f2a6e108fd74124150a78fe1ebe9993afec1e1bc58fe8b6887e02b56e2
definition	SD-CMD-INT-001@1	contracts/camera-observation.md#sd-cmd-int-001--cancelrequested	sha256:e7346f323abb3f7d91d0ab35bdc04c5c078f8d48caae95185d1b1fa102e7b6fd
definition	SD-CMD-INT-002@1	contracts/finite-conversation.md#sd-cmd-int-002--submitinteraction	sha256:bbd5f95d9e812945dc097c77042d84437de8a548fabfac40ab6f50a0fbb2ff37
definition	SD-CMD-QLI-001@1	contracts/finite-conversation.md#sd-cmd-qli-001--returntohomerequested	sha256:b31c81087981ca3096e0b681da738e07bc61d8ac5aebd63aa8f2fe71a3bad809
definition	SD-CTX-ACO-001@1	contracts/acoustic-interaction.md#sd-ctx-aco-001--acoustic-context	sha256:092d2ae52e78122474f9de8970aa7ebbe8958a69025abe2158cb1fb69cdb8f5c
definition	SD-CTX-EXE-001@1	contracts/execution.md#sd-ctx-exe-001--execution-context	sha256:521e3d3c930f09469bfd247de7afd919db019f503994b33f99a79df3671b9652
definition	SD-EFX-ACO-001@1	contracts/acoustic-interaction.md#sd-efx-aco-001--openacousticsourcesession	sha256:1612023670c4c6f4f1077d7fd33428e6d5f4977e8399db27689bb15454baec8b
definition	SD-EFX-ACO-002@1	contracts/acoustic-interaction.md#sd-efx-aco-002--playwakeprompt	sha256:ea290ea40e53270b1780bc46f13db86f1191246417665e0ffbfd5b7721c93ad9
definition	SD-EFX-ACO-003@1	contracts/acoustic-interaction.md#sd-efx-aco-003--awaitacousticguardboundary	sha256:ee6a961034161aee868573ec6ce63987c4a575df6a2033084fbf7a97df79ee5a
definition	SD-EFX-ACO-004@1	contracts/acoustic-interaction.md#sd-efx-aco-004--transcriberetainedacousticspans	sha256:eb5faef8f4e8f383e8e7d38c090acb269296e5a6b47653bc643da8b096123331
definition	SD-EFX-ACO-005@1	contracts/acoustic-interaction.md#sd-efx-aco-005--closeacousticsourcesession	sha256:6a3955680bf6f3d336b256b6005c2523ca9154cc15a84a18d6c2d60abbb961c4
definition	SD-EFX-ACO-006@1	contracts/acoustic-interaction.md#sd-efx-aco-006--queryacousticsourceoperation	sha256:bcb8d39546c72d01f830b8cab85e446be030217b20649d7331be0b1b81dab02c
definition	SD-EFX-ACO-007@1	contracts/acoustic-interaction.md#sd-efx-aco-007--awaitacousticoperationdeadline	sha256:b679487ad99b644e13ab874a5b3e0d3a456c388721a0456284291cfa21580bc8
definition	SD-EFX-ACO-008@1	contracts/acoustic-interaction.md#sd-efx-aco-008--querywakepromptoperation	sha256:46bcb39a6d48f455946322f87a387c5efdcf372a75ec2c1c27332868740c4a1c
definition	SD-EFX-ACO-009@1	contracts/acoustic-interaction.md#sd-efx-aco-009--cancelwakepromptplayback	sha256:c7867c88d16e8ca1af67925bd60ca920e5b36a18655105d16ffaf06302cc33bf
definition	SD-EFX-ACO-010@1	contracts/acoustic-interaction.md#sd-efx-aco-010--cancelacousticsourceoperation	sha256:788ea7c007f004435241a87caeb28842fff3da337afab43fad507902cc7fc64d
definition	SD-EVT-ACO-001@1	contracts/acoustic-interaction.md#sd-evt-aco-001--wakecandidateobserved	sha256:369674a68542ed0220f570b43db2caef0784a99e691f2bd5367b02172dc6354d
definition	SD-EVT-ACO-002@1	contracts/acoustic-interaction.md#sd-evt-aco-002--acousticsourceobserved	sha256:4ab142994ccbd4d032f8c819822deaf1942f3152b74b4cd4b654af5ed9a988fa
definition	SD-EVT-ACO-003@1	contracts/acoustic-interaction.md#sd-evt-aco-003--acousticsourceoperationresolved	sha256:cf7270ba618d0a04b991a5881844aeb895a3d699fb70d8753a216be3bed27408
definition	SD-EVT-ACO-004@1	contracts/acoustic-interaction.md#sd-evt-aco-004--wakepromptplaybackresolved	sha256:48eff95e1e52bce7fc8ed788c3b0508e7d6534ab08df98b91f2a5e8f832fecc4
definition	SD-EVT-ACO-005@1	contracts/acoustic-interaction.md#sd-evt-aco-005--acousticguardboundaryelapsed	sha256:ac966bec67de4400a18c8f76f6e60eebdad30f4ad5a304741f543965d4603205
definition	SD-EVT-ACO-006@1	contracts/acoustic-interaction.md#sd-evt-aco-006--voicecontrolcandidateobserved	sha256:ee7023e71d04c5eeaabb8d500feaf6ad19ffbdeb6adda3c71c99cf2e1a41c995
definition	SD-EVT-ACO-007@1	contracts/acoustic-interaction.md#sd-evt-aco-007--acousticdecisionrecorded	sha256:e8c3c044f930c4e3d1057719dbabdf80677d132f2f5b0b6ddf9e614a45ac1f64
definition	SD-EVT-ACO-008@1	contracts/acoustic-interaction.md#sd-evt-aco-008--acousticpolicyrevisionregistered	sha256:08b95881d1aa249f56ba8ad16a973bc70f2599e2de4e047e1cf4061c2009171c
definition	SD-EVT-ACO-009@1	contracts/acoustic-interaction.md#sd-evt-aco-009--acousticoperationdeadlineelapsed	sha256:b053e479a72d8f61899644447672236d06d1d0632c9a86211ece35ded6d86bfb
definition	SD-EVT-ACO-010@1	contracts/acoustic-interaction.md#sd-evt-aco-010--acousticsourcequeryresolved	sha256:38792d25e3b314e5522fa9c28308d95ff5a70e42ecca01e063054faa7524367d
definition	SD-EVT-ACO-011@1	contracts/acoustic-interaction.md#sd-evt-aco-011--wakepromptqueryresolved	sha256:72f73bf9312f7cb065299ccbac3be011fe880f479d1a28db267e9f89550f0c43
definition	SD-EVT-ACO-012@1	contracts/acoustic-interaction.md#sd-evt-aco-012--acousticsourcecancellationresolved	sha256:c2bc18b91db8907a58dffa994862081576652afc0d5bb47d9ab5b8339fecc41f
definition	SD-EVT-ACO-013@1	contracts/acoustic-interaction.md#sd-evt-aco-013--wakepromptcancellationresolved	sha256:3b25ada30299ba15de733d9ed48705b40fe64b9ec40afb04be69c943f7396807
definition	SD-EVT-ACO-014@1	contracts/acoustic-interaction.md#sd-evt-aco-014--voicecontrolprocessed	sha256:50142b87e9c9c10a6f0b57bf49a4e26933cd491a4ca7592083bcd6c0f68bb7f3
definition	SD-EVT-EXE-009@1	contracts/execution-acoustic-v2.md#sd-evt-exe-009--acousticgraphcontributioncommitted	sha256:ec7e90dd0f992771ab3e384ad568918e4c53e25d035850babc45dd6163bd9f81
definition	SD-EVT-EXE-010@1	contracts/execution-acoustic-v2.md#sd-evt-exe-010--executionsnapshotv2activated	sha256:887ce5b69439ebb9a58e8bc313529fe7c9093704ec2718b1fd42a456914187e3
definition	SD-EVT-EXE-011@1	contracts/execution-acoustic-v2.md#sd-evt-exe-011--executionmigrationcontroladvanced	sha256:7f5c38961e4521995d9f89cd9d8b778419367dafc0f97d15b5688986d66206b1
definition	SD-FAIL-ACO-001@1	contracts/acoustic-interaction.md#sd-fail-aco-001--acousticfailure	sha256:f6a3f7f70f1da0bc62a011b77a865be6815a7837742545fd59c067f9a616853d
definition	SD-FAIL-EXE-001@1	contracts/execution-acoustic-v2.md#sd-fail-exe-001--executionv2compatibilityfailure	sha256:2618be06f70bce1d7e8b0e657a8e3dedc696b0174b7105e513df6fcd150b745d
definition	SD-GPH-ACO-001@1	contracts/acoustic-interaction.md#sd-gph-aco-001--onewakeonecommandgraph	sha256:e3c04109cd3685348b4fcb6b5cab465c9ab0a674a5a65dda3639ae5642783a41
definition	SD-GPH-ACO-002@1	contracts/acoustic-interaction.md#sd-gph-aco-002--acousticsourcerecoverygraph	sha256:ede95444f2b3d4d1e0c0cc72108d39d8d770e9e8215e17cb4b70d1681f5e7f72
definition	SD-MOD-ACO-001@1	contracts/acoustic-interaction.md#sd-mod-aco-001--speechacousticbindingview	sha256:4f4bcc2e459d6dda5ed6db96a1008e0421b63c2959618bf28893f5eda2480858
definition	SD-MOD-ACO-002@1	contracts/acoustic-interaction.md#sd-mod-aco-002--acousticgraphcontributionv2	sha256:4b837731e71e3411a53a3269524fcd9959cc4b4f33aaeb2a372a87b31366381f
definition	SD-MOD-ACO-003@1	contracts/acoustic-interaction.md#sd-mod-aco-003--acoustictemporalevidence	sha256:007ed69e2a8b725e1e4e9aa30fe8062e50786daf7fceefda210d3e3c49a8c429
definition	SD-MOD-EXE-004@1	contracts/execution-acoustic-v2.md#sd-mod-exe-004--executioncontractv2	sha256:14060017be57403216296288cb08629333213df4ef76817840735de524a39c30
definition	SD-MOD-EXE-005@1	contracts/execution-acoustic-v2.md#sd-mod-exe-005--executionsnapshotv1tov2migration	sha256:97e7ade81583827c8c989efbab301ca9d772229f5fdd23b914a643c165502376
definition	SD-PER-ACO-001@1	contracts/acoustic-interaction.md#sd-per-aco-001--durableacousticboundary	sha256:b50030f7e1bac7b73e84d1516978f77dcb03d7d61c46583027f69c1ae4fbe236
definition	SD-PER-ACO-002@1	contracts/acoustic-interaction.md#sd-per-aco-002--durablevoicecontroldecisionuow	sha256:b3fb03e3ae3a8baec591ad3a9060b9805eef5153c60e69ee9a838d68a2f1e509
definition	SD-PER-EXE-008@1	contracts/execution-acoustic-v2.md#sd-per-exe-008--durableacousticgraphextensionuow	sha256:ae0092b165f5facf2a0686fc4a035dcfc5f64953dd30d7baf1b8f7a4174c4d95
definition	SD-PER-EXE-009@1	contracts/execution-acoustic-v2.md#sd-per-exe-009--executionsnapshotv2activationuow	sha256:6728a263742d7b7d126e83ec723a3d8df0c444ee8d2d85e45fedc2baba57e443
definition	SD-PER-EXE-010@1	contracts/execution-acoustic-v2.md#sd-per-exe-010--durableexecutionmigrationcontroluow	sha256:b52087c65e60b77bc72f0ad93e40243455ed696e2fc27374d2c26da95562afb3
definition	SD-POL-ACO-001@1	contracts/acoustic-interaction.md#sd-pol-aco-001--acousticsessionpolicy	sha256:920678c6387131443f3f9be9c0162899fd8f0ef51df4991e5774c9729cd58633
definition	SD-POL-ACO-002@1	contracts/acoustic-interaction.md#sd-pol-aco-002--stopsuppressionpolicy	sha256:5950c2a4d5183098a9431caa5104d571a1705a7ccc9497cf3c28a79a26093a41
definition	SD-POL-ACO-003@1	contracts/acoustic-interaction.md#sd-pol-aco-003--acoustictemporalambiguitypolicy	sha256:0bc4f2a5965cd8074bb467ad80778c4b85c256dd637d5b0cac2665048c9c6509
definition	SD-PRF-ACO-001@1	contracts/acoustic-interaction.md#sd-prf-aco-001--acousticprofileproofcontract	sha256:8d22ca0dd2d45853dded02992c9007aa519f6b8a0c5bde7f95f4496cbda756fe
definition	SD-PRF-EXE-001@1	contracts/execution-acoustic-v2.md#sd-prf-exe-001--executionv1v2roundtripproofcontract	sha256:0524a0647c66408aadf0571c45cccda7ed5917dc336a28ba9827e5d43cf75fa6
definition	SD-PRJ-ACO-001@1	contracts/acoustic-interaction.md#sd-prj-aco-001--acousticsessionprojection	sha256:b8529991ed5c003786017e05d0367e0b4bccc38f4c55505e5ea355c6734271bb
definition	SD-PRJ-EXE-001@1	contracts/execution-acoustic-v2.md#sd-prj-exe-001--executionv1compatibilityview	sha256:8ec4697391830391971489c26c913b702da166d4f70eb48a466a12f37b517c82
definition	SD-PRT-ACO-001@1	contracts/acoustic-interaction.md#sd-prt-aco-001--acousticcandidateingressport	sha256:ed90e846c9514dbb715d9ef2df43430bd724904e1ab99139e8841ed1e2a92078
definition	SD-PRT-ACO-002@1	contracts/acoustic-interaction.md#sd-prt-aco-002--acousticsourceport	sha256:4ed08b8e757105cd765f61b57e3a76fa43e101bcde752d22f8c3e3d0e5c3705d
definition	SD-PRT-ACO-003@1	contracts/acoustic-interaction.md#sd-prt-aco-003--wakepromptport	sha256:ecb41e2b890ef384fea882cdf7c8588f4dd5738de0e43f8bbacc67dd9caa0c6c
definition	SD-PRT-ACO-004@1	contracts/acoustic-interaction.md#sd-prt-aco-004--acousticboundaryport	sha256:cda75585e39bdf5004013094df7439696d99d3a5a490a78f5cbe5de0dbb643f2
definition	SD-REC-ACO-001@1	contracts/acoustic-interaction.md#sd-rec-aco-001--acousticrecovery	sha256:2ac02ff8ca7a3bbd3a8932c2c9df85e6af1e8735be4743d19ef6d74a035bc977
definition	SD-RUL-ACO-001@1	contracts/acoustic-interaction.md#sd-rul-aco-001--decidewakeacceptance	sha256:682046635ef4de6d42cb3bac0eca0ffb23701579e21349a1ddd6f79f3a69ec86
definition	SD-RUL-ACO-002@1	contracts/acoustic-interaction.md#sd-rul-aco-002--decideacousticspandisposition	sha256:04499bce6d38e952d4ec4fea9149a94c961d496971a15f1fb267808dc91084cd
definition	SD-RUL-ACO-003@1	contracts/acoustic-interaction.md#sd-rul-aco-003--decideonewakecommand	sha256:83368dbb91308a289d95cb97a9ab85d59758d154cb734fa5608e50932fd9dfc1
definition	SD-RUL-ACO-004@1	contracts/acoustic-interaction.md#sd-rul-aco-004--decidevoicecontrolcandidate	sha256:40008b4479ac9c9a89a84ea00a38219b3fffbdc95923b77e77362a61cb82adc1
definition	SD-RUL-ACO-005@1	contracts/acoustic-interaction.md#sd-rul-aco-005--validatespeechacousticbinding	sha256:ba6a8793efa2da4b9f2f6c754b2636859be54dc19da725b33fc0ff7eb4c5d986
definition	SD-RUL-ACO-006@1	contracts/acoustic-interaction.md#sd-rul-aco-006--decideacousticrecovery	sha256:95254441302fc08e923b7bc651d012c87eaeef84d080b9f55c36d10b0d73636c
definition	SD-RUL-ACO-007@1	contracts/acoustic-interaction.md#sd-rul-aco-007--validateacousticpolicyrevision	sha256:51086d764e1c3351cb28c9c16dfcc2b041bfb981c3308e16da57f884b7d0cca2
definition	SD-RUL-ACO-008@1	contracts/acoustic-interaction.md#sd-rul-aco-008--decideprerollselection	sha256:88894fd2b07a709f7dc29398790cbf6955ee4f5ee4fee42905a6831d8444eac5
definition	SD-RUL-ACO-009@1	contracts/acoustic-interaction.md#sd-rul-aco-009--buildacousticgraphcontribution	sha256:f6773a954ad4c87fb85d7ff1ba3e1dadb39d4ebd3c63cf125f22863a71b1c17c
definition	SD-RUL-ACO-010@1	contracts/acoustic-interaction.md#sd-rul-aco-010--decideacousticoccurrencewinner	sha256:756a8520f1f67fb6444b0c75257c2dfa5b605a8ea6bf9b817979c4e34b4e46ac
definition	SD-RUL-ACO-011@1	contracts/acoustic-interaction.md#sd-rul-aco-011--decidepostwakecollection	sha256:8a8c4fbcb4b806dafec3de7cf5f1f37b8a7a59e680b8c4aafceb994615ea8f3a
definition	SD-RUL-ACO-012@1	contracts/acoustic-interaction.md#sd-rul-aco-012--classifywakepromptoutcome	sha256:dbae120656dd4283a42392623de791e0b9386babd403bac9654181ad09eaee66
definition	SD-RUL-EXE-007@1	contracts/execution-acoustic-v2.md#sd-rul-exe-007--validateacousticgraphcontribution	sha256:1210ff86c99d0857d9157990501cce25228439c400199b16b8121a014f94bb76
definition	SD-RUL-EXE-008@1	contracts/execution-acoustic-v2.md#sd-rul-exe-008--validateexecutionsnapshotv1tov2migration	sha256:75a37e3e593501b95102856587ed4b72ffbc408373772c2fbc3a2a838b1b2e4b
definition	SD-RUL-EXE-009@1	contracts/execution-acoustic-v2.md#sd-rul-exe-009--decideexecutionmigrationcontrol	sha256:14f875e9fceea5d095da16ef304f697562dafd41d44dce5abd24a3ceb52f9bee
definition	SD-STA-ACO-001@1	contracts/acoustic-interaction.md#sd-sta-aco-001--acousticstate	sha256:6b31ecec20c4387c31ec4cf00182258d01a1b724ce3ee92a9084b3274af56400
definition	SD-STA-EXE-002@2	contracts/execution-acoustic-v2.md#sd-sta-exe-002--executionstatev2	sha256:c696cb1452a46e9a3e2359486180475ca0d5a57441b8bd52cb3b2b91ce516abf
definition	SD-TRN-ACO-001@1	contracts/acoustic-interaction.md#sd-trn-aco-001--applywakeacceptance	sha256:3585b179d7cd6d22a76b0804320a263521454829c17dcdb12d96174bf97474ce
definition	SD-TRN-ACO-002@1	contracts/acoustic-interaction.md#sd-trn-aco-002--applysourceandguardobservation	sha256:34d1968f463b176a0fb3a8a0e709a24c647ca86ad7f4c821c08ab8fb8b57eee8
definition	SD-TRN-ACO-003@1	contracts/acoustic-interaction.md#sd-trn-aco-003--applyonewakecommanddecision	sha256:abb24c027a4fbc24778c884873ec3f9104cc5a104bd34ce09cf4d7c33322991c
definition	SD-TRN-ACO-004@1	contracts/acoustic-interaction.md#sd-trn-aco-004--applyvoicecontroldecision	sha256:bf06e48fd282e920908298a599684872f61d94017c6022eb0b203aff59956066
definition	SD-TRN-ACO-005@1	contracts/acoustic-interaction.md#sd-trn-aco-005--applysourcerecoverydecision	sha256:ad0ef25e23147356353a9f830ba28a06e995465746ab46c40dbff6d42e40a6d4
definition	SD-TRN-ACO-006@1	contracts/acoustic-interaction.md#sd-trn-aco-006--applyacousticpolicyrevision	sha256:5ab02d84be5c883b50cafb75d067c1407a954f3c55fc5beb28576d0cd4612299
definition	SD-TRN-ACO-007@1	contracts/acoustic-interaction.md#sd-trn-aco-007--applyprerollselection	sha256:45e4d7c84a26aef79905761c15a665b35cc2db1040c80f766a8f2ace1b90012a
definition	SD-TRN-ACO-008@1	contracts/acoustic-interaction.md#sd-trn-aco-008--applyacousticoccurrencewinner	sha256:8619f37e52d27a15748617682ef3c152c05bfb067e60d9733f59105f3c360ca9
definition	SD-TRN-EXE-016@1	contracts/execution-acoustic-v2.md#sd-trn-exe-016--extendacousticeffectgraph	sha256:bd10ffcb37c30193e620547194570a725baee785c35ca654cae665221c7d4a23
definition	SD-TRN-EXE-017@1	contracts/execution-acoustic-v2.md#sd-trn-exe-017--migrateexecutionsnapshotv1tov2	sha256:f97b4d85fac524edc9f62798d9ac5c78ab6bfc36f25b0ba889d499e8dcc15907
definition	SD-TRN-EXE-018@1	contracts/execution-acoustic-v2.md#sd-trn-exe-018--applyexecutionmigrationcontrol	sha256:37b65b197c780e85ded4169347489404925b602c88098c0ce676395196c2a7fb
