AC	Package ID
AC-API-001	WP-04
AC-API-002	WP-04
AC-API-003	WP-04
AC-API-015	WP-04
AC-API-004	WP-04
AC-API-005	WP-04
AC-API-006	WP-04
AC-API-007	WP-04
AC-API-008	WP-04
AC-API-009	WP-04
AC-API-010	WP-04
AC-API-011	WP-04
AC-API-012	WP-04
AC-API-013	WP-04
AC-API-014	WP-04
AC-API-016	WP-04
AC-API-017	WP-04
AC-API-018	WP-04
AC-API-019	WP-04
AC-ACOU-001	WP-01
AC-ACOU-002	WP-01
AC-ACOU-003	WP-01
AC-ACOU-004	WP-01
AC-ACOU-005	WP-01
AC-ACOU-006	WP-01
AC-ACOU-007	WP-01
AC-MEM-001	WP-06
AC-MEM-002	WP-06
AC-MEM-003	WP-06
AC-MEM-004	WP-06
AC-MEM-005	WP-06
AC-MEM-006	WP-06
AC-OUT-001	WP-05
AC-OUT-002	WP-05
AC-OUT-003	WP-05
AC-OUT-004	WP-05
AC-EFX-001	WP-01
AC-EFX-002	WP-01
AC-EFX-003	WP-01
AC-EFX-004	WP-01
AC-EFX-005	WP-01
AC-CNV-001	WP-05
AC-CNV-002	WP-05
AC-CNV-003	WP-05
AC-CNV-004	WP-05
AC-QLI-001	WP-05
AC-QLI-002	WP-05
AC-QLI-003	WP-05
AC-QLI-004	WP-05
AC-SET-001	WP-05
AC-SET-002	WP-05
AC-SET-003	WP-05
AC-SET-004	WP-05
AC-QPR-001	WP-03
AC-QPR-002	WP-03
AC-QPR-003	WP-03
AC-QPR-004	WP-03
AC-DAT-001	WP-04
AC-DAT-002	WP-04
AC-DAT-003	WP-04
AC-DAT-004	WP-04
AC-DAT-005	WP-04
AC-DAT-006	WP-04
AC-DAT-007	WP-04
AC-NET-001	WP-04
AC-NET-002	WP-04
AC-NET-003	WP-04
AC-NET-004	WP-04
AC-NET-005	WP-04
AC-AGT-001	WP-06
AC-AGT-002	WP-06
AC-AGT-003	WP-06
AC-AGT-004	WP-06
AC-AGT-005	WP-06
AC-AGT-006	WP-06
AC-AGT-007	WP-06
AC-AGT-008	WP-06
AC-AGT-009	WP-06
AC-SKL-001	WP-06
AC-SKL-002	WP-06
AC-SKL-003	WP-06
AC-SKL-004	WP-06
AC-SCP-001	WP-04
AC-SCP-002	WP-04
AC-SCP-003	WP-04
AC-LOG-001	WP-08
AC-LOG-002	WP-08
AC-LOG-003	WP-08
AC-ARC-001	WP-01
AC-ARC-002	WP-01
AC-ARC-003	WP-01
AC-ARC-004	WP-01
AC-ARC-017	WP-01
AC-ARC-005	WP-01
AC-ARC-006	WP-01
AC-ARC-007	WP-01
AC-ARC-008	WP-01
AC-ARC-009	WP-01
AC-ARC-010	WP-01
AC-ARC-013	WP-01
AC-ARC-018	WP-01
AC-ARC-011	WP-01
AC-ARC-019	WP-01
AC-ARC-020	WP-01
AC-ARC-028	WP-01
AC-ARC-012	WP-01
AC-ARC-014	WP-01
AC-ARC-015	WP-01
AC-ARC-016	WP-01
AC-ARC-021	WP-01
AC-ARC-022	WP-01
AC-ARC-023	WP-01
AC-ARC-024	WP-01
AC-ARC-025	WP-01
AC-ARC-026	WP-01
AC-ARC-027	WP-01
AC-PER-001	WP-01
AC-PER-002	WP-01
AC-PHY-001	WP-03
AC-PHY-002	WP-03
AC-PHY-003	WP-03
AC-PHY-004	WP-03
AC-PHY-005	WP-03
AC-PHY-006	WP-03
AC-PHY-007	WP-03
AC-PHY-008	WP-03
AC-PHY-009	WP-03
AC-CFG-001	WP-07
AC-CFG-002	WP-07
AC-CFG-003	WP-07
AC-CFG-004	WP-07
AC-CFG-005	WP-07
AC-CFG-006	WP-07
AC-CFG-007	WP-07
AC-CFG-008	WP-07
AC-CFG-009	WP-07
AC-CFG-010	WP-07
AC-CFG-011	WP-07
AC-CFG-012	WP-07
AC-CFG-013	WP-07
AC-CFG-014	WP-07
AC-CFG-015	WP-07
AC-OPS-001	WP-08
AC-OPS-028	WP-08
AC-OPS-002	WP-08
AC-OPS-003	WP-08
AC-OPS-004	WP-08
AC-OPS-005	WP-08
AC-OPS-006	WP-08
AC-OPS-007	WP-08
AC-OPS-008	WP-08
AC-OPS-010	WP-08
AC-OPS-011	WP-08
AC-OPS-012	WP-08
AC-OPS-013	WP-08
AC-OPS-014	WP-08
AC-OPS-019	WP-08
AC-OPS-015	WP-08
AC-OPS-016	WP-08
AC-OPS-029	WP-08
AC-OPS-030	WP-08
AC-OPS-017	WP-08
AC-OPS-018	WP-08
AC-OPS-020	WP-08
AC-OPS-021	WP-08
AC-OPS-022	WP-08
AC-OPS-023	WP-08
AC-SEC-001	WP-06
AC-OPS-009	WP-08
AC-OPS-024	WP-08
AC-OPS-025	WP-08
AC-OPS-026	WP-08
AC-OPS-027	WP-08
AC-PRD-001	WP-02
AC-PRD-002	WP-02
AC-PRD-003	WP-02
AC-PRD-004	WP-02
AC-PRD-016	WP-02
AC-PRD-018	WP-02
AC-PRD-005	WP-02
AC-PRD-006	WP-02
AC-PRD-007	WP-02
AC-PRD-008	WP-02
AC-PRD-019	WP-02
AC-PRD-009	WP-02
AC-PRD-010	WP-02
AC-PRD-011	WP-02
AC-PRD-017	WP-02
AC-PRD-020	WP-02
AC-PRD-012	WP-02
AC-PRD-013	WP-02
AC-PRD-014	WP-02
AC-PRD-015	WP-02
AC-FR-001	WP-02
AC-FR-002	WP-02
AC-FR-003	WP-02
AC-FR-004	WP-02
AC-FR-005	WP-02
AC-FR-006	WP-02
AC-FR-007	WP-02
AC-FR-008	WP-02
AC-FR-009	WP-02
AC-FR-010	WP-02
AC-FR-011	WP-02
AC-FR-012	WP-02
AC-FR-013	WP-02
AC-FR-014	WP-02
AC-FR-015	WP-02
AC-FR-016	WP-02
AC-FR-017	WP-02
AC-NFR-001	WP-03
AC-NFR-002	WP-03
AC-NFR-003	WP-03
AC-FUT-001	WP-01
